id,first_name,last_name,email,gender,ip_address,Made,Model,Year
1,Haley,Reis,hreis0@sfgate.com,Genderqueer,128.173.102.133,Mitsubishi,Lancer Evolution,2003
2,Astrid,Janaud,ajanaud1@dagondesign.com,Agender,219.39.96.2,Jeep,Wrangler,2004
3,Allister,Dwire,adwire2@paginegialle.it,Polygender,228.130.158.142,Audi,200,1990
4,Phillida,Jobbins,pjobbins3@csmonitor.com,Genderqueer,64.37.63.211,Ford,Escort,1993
5,Nichol,Amps,namps4@nyu.edu,Genderqueer,146.116.90.133,Mazda,B-Series Plus,1996
6,Biddie,Brookfield,bbrookfield5@macromedia.com,Non-binary,81.206.193.115,Hyundai,Santa Fe,2011
7,Davidson,Raddon,draddon6@baidu.com,Genderfluid,48.117.8.82,Mercedes-Benz,CL-Class,1999
8,Dona,Setterfield,dsetterfield7@list-manage.com,Bigender,24.32.83.78,Hummer,H2,2007
9,Elbertina,Oldknow,eoldknow8@wikimedia.org,Genderfluid,58.59.60.117,Ford,Crown Victoria,2005
10,Maurise,Lound,mlound9@columbia.edu,Bigender,199.9.1.200,Volkswagen,GTI,1985
11,Aileen,Hocking,ahockinga@mozilla.com,Female,46.221.179.67,Mercedes-Benz,600SL,1993
12,Teodora,Watling,twatlingb@reddit.com,Genderqueer,18.18.73.125,Volkswagen,Jetta,2000
13,Galvin,Auguste,gaugustec@dropbox.com,Genderqueer,52.11.104.243,Pontiac,Firebird,1993
14,Etti,Dearth,edearthd@myspace.com,Bigender,81.28.50.68,Jeep,Wrangler,1993
15,Wyndham,Ponnsett,wponnsette@ebay.co.uk,Genderfluid,152.73.235.221,Lotus,Esprit Turbo,1984
16,Annabal,Ionnidis,aionnidisf@skype.com,Non-binary,174.222.79.15,Scion,xB,2006
17,Glory,Bradbeer,gbradbeerg@dailymotion.com,Male,73.46.252.49,Plymouth,Sundance,1994
18,Nancie,Byles,nbylesh@gravatar.com,Polygender,233.113.13.213,Honda,Fit,2011
19,Meg,Haulkham,mhaulkhami@myspace.com,Male,209.214.250.148,Plymouth,Laser,1992
20,Jaquith,Izakson,jizaksonj@miitbeian.gov.cn,Polygender,111.55.249.108,Honda,Odyssey,2005
21,Evin,Jarrard,ejarrardk@google.co.uk,Agender,117.126.203.137,Pontiac,Bonneville,1991
22,Salli,Rilston,srilstonl@weibo.com,Agender,13.130.217.141,Mitsubishi,Galant,1992
23,Layton,Parradye,lparradyem@disqus.com,Bigender,21.76.248.210,Mitsubishi,Galant,2009
24,Trula,Curnow,tcurnown@gravatar.com,Agender,46.234.150.137,Chrysler,Town & Country,2009
25,Darcey,Parnham,dparnhamo@thetimes.co.uk,Agender,245.233.199.26,Pontiac,Firebird Trans Am,1986
26,Shawnee,Chinnock,schinnockp@163.com,Bigender,56.125.49.132,Suzuki,SJ 410,1984
27,Jodi,Meekins,jmeekinsq@miitbeian.gov.cn,Polygender,24.242.110.221,Subaru,Forester,2010
28,Ynez,Gascoine,ygascoiner@dmoz.org,Agender,96.36.221.191,Mitsubishi,Montero Sport,2002
29,Marice,Parrot,mparrots@amazon.com,Agender,95.182.98.115,Volvo,S40,2005
30,Winslow,Knotte,wknottet@gravatar.com,Male,142.175.94.128,Ford,GT,2006
31,Olenolin,Madelin,omadelinu@hc360.com,Bigender,107.203.168.48,Mercury,Grand Marquis,2007
32,Nahum,Pegg,npeggv@usa.gov,Genderfluid,2.174.198.147,Cadillac,STS-V,2009
33,Gregorio,Jimpson,gjimpsonw@people.com.cn,Bigender,218.37.155.192,Audi,TT,2000
34,Carlynne,Habben,chabbenx@kickstarter.com,Genderqueer,135.113.34.65,Hyundai,Sonata,2001
35,Cornelle,Sanday,csandayy@netvibes.com,Genderqueer,148.17.200.56,Mercury,Mountaineer,2001
36,Carlota,Hallgath,challgathz@soundcloud.com,Polygender,196.236.106.141,GMC,Sierra 2500,2005
37,Eddie,Dumbare,edumbare10@umich.edu,Genderfluid,34.139.67.97,Mazda,Miata MX-5,2010
38,Lock,Vasyutkin,lvasyutkin11@free.fr,Female,226.206.81.199,Nissan,Sentra,2000
39,Baily,O'Shavlan,boshavlan12@webeden.co.uk,Female,14.41.62.186,Chevrolet,Express 1500,2003
40,Cyrillus,Vicker,cvicker13@huffingtonpost.com,Genderfluid,190.10.64.181,Dodge,Ram 2500,1995
41,Pail,Simao,psimao14@globo.com,Non-binary,185.222.212.229,Plymouth,Grand Voyager,1999
42,Pembroke,Bourgour,pbourgour15@skype.com,Genderfluid,26.28.82.155,Buick,Riviera,1996
43,Sophronia,Bront,sbront16@printfriendly.com,Genderqueer,76.73.101.213,Cadillac,Escalade ESV,2005
44,Evyn,Caslane,ecaslane17@gov.uk,Female,9.206.252.135,Jeep,Cherokee,1998
45,Legra,Dunsford,ldunsford18@goo.ne.jp,Male,17.148.152.24,Ford,Escape,2003
46,Tabbie,Schonfeld,tschonfeld19@yahoo.co.jp,Polygender,179.206.170.134,Volkswagen,Cabriolet,1990
47,Angil,Jessard,ajessard1a@prlog.org,Genderfluid,154.195.3.173,Nissan,Sentra,1991
48,Maurita,Nichol,mnichol1b@google.com.au,Non-binary,160.169.176.52,Lincoln,MKZ,2008
49,Guinevere,Kender,gkender1c@nps.gov,Genderqueer,224.34.221.172,Maserati,Coupe,2006
50,Melody,Lockhurst,mlockhurst1d@tripod.com,Genderfluid,37.171.13.117,Nissan,Sentra,2007
51,Aubrie,Mapholm,amapholm1e@cbc.ca,Polygender,59.5.124.37,Bentley,Azure,2008
52,Elfrida,McLaverty,emclaverty1f@dagondesign.com,Male,191.196.106.86,Chevrolet,Uplander,2006
53,Padget,Nockalls,pnockalls1g@cbslocal.com,Female,65.130.106.119,Buick,Regal,1991
54,Becca,Medling,bmedling1h@de.vu,Genderqueer,238.139.7.91,Ford,F250,2010
55,Phebe,Lawranson,plawranson1i@csmonitor.com,Agender,66.3.160.73,Audi,S6,1995
56,Tann,Lucia,tlucia1j@tripod.com,Polygender,92.129.131.42,Audi,R8,2011
57,Sissy,Statefield,sstatefield1k@addthis.com,Non-binary,2.3.187.243,Buick,Park Avenue,2001
58,Alley,Chalfant,achalfant1l@earthlink.net,Male,146.175.138.244,Nissan,GT-R,2011
59,Heidie,Hurdedge,hhurdedge1m@jigsy.com,Non-binary,246.185.89.163,Infiniti,G,2001
60,Donnie,Gress,dgress1n@a8.net,Male,216.96.93.81,Buick,Enclave,2012
61,Davida,Lozano,dlozano1o@state.gov,Agender,253.2.68.139,Pontiac,Bonneville,1999
62,Reena,McIlvoray,rmcilvoray1p@newsvine.com,Genderfluid,10.29.210.96,Buick,LeSabre,2001
63,Daisy,Causier,dcausier1q@dagondesign.com,Male,198.94.84.173,Kia,Sorento,2013
64,Bekki,Youthead,byouthead1r@nps.gov,Genderqueer,179.203.249.105,Dodge,Neon,1996
65,Laurella,Bartalini,lbartalini1s@omniture.com,Genderfluid,24.226.54.149,Volkswagen,Touareg,2012
66,Torry,Scutchings,tscutchings1t@patch.com,Genderqueer,170.148.128.201,GMC,Yukon XL 1500,2011
67,Trace,MacCaughey,tmaccaughey1u@bandcamp.com,Polygender,19.229.58.203,GMC,Envoy,2008
68,Anne,Lippitt,alippitt1v@gov.uk,Agender,200.112.198.1,Chrysler,Imperial,1926
69,Karilynn,Galley,kgalley1w@hubpages.com,Agender,215.31.119.14,Chrysler,PT Cruiser,2002
70,Sophia,Mardle,smardle1x@state.tx.us,Agender,61.27.82.233,Ford,Expedition,2009
71,Hamid,Hollington,hhollington1y@irs.gov,Agender,129.186.235.81,Acura,Integra,1992
72,Reiko,Tyce,rtyce1z@zimbio.com,Male,6.119.253.49,Cadillac,Brougham,1992
73,Angie,O'Hoolahan,aohoolahan20@statcounter.com,Genderqueer,230.13.253.66,Plymouth,Breeze,1999
74,Buddy,Pimme,bpimme21@multiply.com,Non-binary,167.3.203.22,Chevrolet,TrailBlazer,2008
75,Ranna,Mikalski,rmikalski22@opera.com,Agender,131.195.142.138,Oldsmobile,Silhouette,1996
76,Eve,Bree,ebree23@facebook.com,Agender,199.213.68.96,Studebaker,Avanti,1962
77,Oswald,Tufts,otufts24@timesonline.co.uk,Polygender,150.240.69.27,Mitsubishi,Lancer,2004
78,Anselma,Bolan,abolan25@themeforest.net,Non-binary,196.153.49.29,Ford,F-Series,1985
79,Orion,Baggaley,obaggaley26@jalbum.net,Non-binary,43.91.252.247,Suzuki,Swift,2006
80,Archer,Savery,asavery27@nasa.gov,Female,145.101.207.237,Lamborghini,Countach,1986
81,Karlik,Burras,kburras28@linkedin.com,Genderfluid,43.100.171.153,Chevrolet,Impala,2011
82,Prudence,Ford,pford29@themeforest.net,Non-binary,203.69.172.97,Mazda,MX-5,1991
83,Burty,Gaul,bgaul2a@slate.com,Bigender,116.189.64.86,Lincoln,Navigator,2008
84,Rafe,Gershom,rgershom2b@illinois.edu,Genderqueer,112.240.178.27,Buick,Riviera,1995
85,Anthony,Woltman,awoltman2c@house.gov,Female,93.158.42.174,GMC,Safari,1999
86,Seline,Ollivierre,sollivierre2d@ning.com,Female,74.30.100.102,Chevrolet,3500,1999
87,Brody,Gyrgorcewicx,bgyrgorcewicx2e@vinaora.com,Genderqueer,84.110.63.44,Acura,ZDX,2011
88,Abdel,Lown,alown2f@delicious.com,Polygender,211.195.72.226,Toyota,Camry,1993
89,Nikkie,Wickerson,nwickerson2g@mediafire.com,Bigender,142.97.103.215,Suzuki,SX4,2008
90,Warde,Boler,wboler2h@fema.gov,Male,110.147.13.229,GMC,Yukon XL,2006
91,Cathyleen,Weeden,cweeden2i@bing.com,Non-binary,82.53.165.234,GMC,Yukon,1993
92,Cindra,Freckelton,cfreckelton2j@technorati.com,Genderfluid,45.152.246.60,Saturn,L-Series,2001
93,Pierre,Crosbie,pcrosbie2k@dion.ne.jp,Bigender,44.205.192.12,Scion,FR-S,2013
94,Traci,Getty,tgetty2l@ask.com,Female,148.193.210.26,Dodge,Ram 2500,1999
95,Jonah,Shallow,jshallow2m@ucla.edu,Genderqueer,159.130.231.19,Mazda,B-Series,1997
96,Neil,Davitti,ndavitti2n@paginegialle.it,Genderqueer,118.144.52.16,Mazda,Mazda6,2006
97,Irv,Johannesson,ijohannesson2o@twitter.com,Female,130.107.218.48,GMC,Envoy,2008
98,Ronna,Trowell,rtrowell2p@dedecms.com,Genderfluid,33.196.57.228,Mazda,Miata MX-5,1992
99,Hew,Dickons,hdickons2q@photobucket.com,Agender,135.192.85.68,Maserati,GranTurismo,2011
100,Doreen,Sherrum,dsherrum2r@shinystat.com,Bigender,32.68.134.236,Kia,Sportage,2010
101,Raymund,Massot,rmassot2s@skype.com,Genderfluid,121.202.148.67,Subaru,Impreza WRX,2010
102,Wilmette,Lambirth,wlambirth2t@goo.gl,Genderqueer,185.87.140.230,Buick,Coachbuilder,1994
103,Seka,Knight,sknight2u@princeton.edu,Genderqueer,222.202.227.133,Audi,A4,2010
104,Brit,Pinsent,bpinsent2v@thetimes.co.uk,Agender,28.2.68.24,Chevrolet,Corvette,1963
105,Kathrine,Trimby,ktrimby2w@furl.net,Genderfluid,46.23.112.207,Chrysler,Concorde,1996
106,Nat,Dadley,ndadley2x@webs.com,Bigender,1.246.6.178,Ford,Excursion,2005
107,Tedie,Luparti,tluparti2y@twitter.com,Polygender,3.174.196.1,Chrysler,LeBaron,1995
108,Haze,Stitle,hstitle2z@squidoo.com,Female,241.186.83.143,Chrysler,Town & Country,1994
109,Conny,Coumbe,ccoumbe30@dropbox.com,Genderqueer,225.137.173.15,Volkswagen,Passat,2012
110,Jermaine,Scryne,jscryne31@ebay.com,Genderqueer,147.196.88.139,Chevrolet,Caprice,1983
111,Humfrey,Seckington,hseckington32@bbc.co.uk,Agender,102.35.68.65,Ford,F250,1997
112,Jessica,Mosten,jmosten33@wsj.com,Bigender,173.24.175.240,Nissan,NX,1993
113,Bendix,Dashkov,bdashkov34@constantcontact.com,Non-binary,176.146.16.151,Chevrolet,Colorado,2008
114,Raf,Manwell,rmanwell35@jalbum.net,Non-binary,195.218.51.216,Saturn,S-Series,2001
115,Estele,Lemme,elemme36@etsy.com,Polygender,69.121.88.23,Pontiac,Grand Prix,1977
116,Afton,Dewdeny,adewdeny37@blogspot.com,Bigender,14.3.151.65,Hummer,H3,2009
117,Tara,Grammer,tgrammer38@aol.com,Genderqueer,208.141.66.0,Chevrolet,1500,1995
118,Aundrea,Bessett,abessett39@paypal.com,Agender,29.120.3.242,GMC,Sierra 1500,2001
119,Prentiss,Velasquez,pvelasquez3a@psu.edu,Female,14.46.210.15,Toyota,Highlander,2007
120,Roosevelt,Legen,rlegen3b@npr.org,Female,109.224.49.102,Ford,LTD Crown Victoria,1990
121,Daile,Barradell,dbarradell3c@ameblo.jp,Female,43.94.237.140,Acura,Integra,1995
122,Kimberlee,Fossey,kfossey3d@artisteer.com,Agender,148.82.163.192,Dodge,Avenger,2008
123,Binny,Coiley,bcoiley3e@domainmarket.com,Non-binary,166.213.147.114,Suzuki,Grand Vitara,1999
124,Nady,Cattermole,ncattermole3f@ifeng.com,Agender,38.98.144.179,Pontiac,6000,1985
125,Dominica,Presslee,dpresslee3g@multiply.com,Bigender,91.21.177.252,Hummer,H3,2008
126,Julita,Exelby,jexelby3h@twitter.com,Polygender,49.43.161.190,Buick,Riviera,1997
127,Berk,Eidler,beidler3i@1688.com,Female,226.241.159.141,Toyota,4Runner,2001
128,Shaun,Sharville,ssharville3j@prlog.org,Agender,42.48.83.150,BMW,6 Series,2009
129,Hyacinth,Watman,hwatman3k@arstechnica.com,Male,77.82.33.136,Toyota,Tacoma,1997
130,Dian,Hillen,dhillen3l@phpbb.com,Polygender,198.176.246.109,Studebaker,Avanti,1961
131,Fidela,Sheddan,fsheddan3m@51.la,Genderqueer,20.255.37.135,Toyota,Venza,2013
132,Maye,Pleming,mpleming3n@indiegogo.com,Genderqueer,19.90.37.130,Chrysler,LeBaron,1995
133,Murdoch,Abramson,mabramson3o@people.com.cn,Male,194.125.197.154,Mercedes-Benz,SL-Class,1992
134,Claiborn,Broadhead,cbroadhead3p@rediff.com,Polygender,115.156.178.196,Mazda,Navajo,1992
135,Celka,Crosston,ccrosston3q@google.nl,Genderfluid,29.103.112.117,Toyota,Solara,2006
136,Ranique,Griffey,rgriffey3r@etsy.com,Bigender,253.198.145.19,Kia,Rio,2010
137,Edmund,Deble,edeble3s@ihg.com,Male,154.169.163.45,Dodge,Viper,2010
138,Raina,Foley,rfoley3t@weebly.com,Agender,0.124.222.2,Ford,Escort,1989
139,Clarisse,Coney,cconey3u@dagondesign.com,Polygender,71.23.25.189,Buick,Reatta,1988
140,Cornell,Herries,cherries3v@jigsy.com,Female,115.64.56.54,Pontiac,Firebird,1986
141,Shaun,Kanzler,skanzler3w@ezinearticles.com,Genderfluid,146.62.217.60,Volvo,V70,2003
142,Orazio,Barnard,obarnard3x@mtv.com,Polygender,102.133.134.141,GMC,Savana 2500,2011
143,Devondra,Rosen,drosen3y@cargocollective.com,Non-binary,91.85.190.201,BMW,745,2003
144,Dorian,Brisset,dbrisset3z@earthlink.net,Non-binary,91.102.191.24,GMC,Sonoma,1999
145,Emmey,Waltho,ewaltho40@washington.edu,Female,141.164.213.52,GMC,Savana 3500,2004
146,Dela,Scading,dscading41@google.pl,Polygender,184.111.251.45,Jaguar,XJ,2008
147,Amalea,De Francesco,adefrancesco42@usa.gov,Bigender,34.57.99.105,Porsche,911,2008
148,Rebekkah,Culwen,rculwen43@berkeley.edu,Non-binary,243.163.239.3,Ford,Freestyle,2005
149,Saunders,Mealiffe,smealiffe44@blogspot.com,Polygender,66.191.127.159,Mazda,B-Series,2002
150,Mirella,Peoples,mpeoples45@miitbeian.gov.cn,Polygender,11.79.14.67,Ford,Thunderbird,1997
151,Bonnie,Breadon,bbreadon46@behance.net,Genderqueer,84.231.148.32,GMC,Savana 2500,1998
152,Umberto,Wabey,uwabey47@meetup.com,Genderfluid,64.246.83.36,Mitsubishi,Montero Sport,2001
153,Lisette,Ghione,lghione48@fda.gov,Genderqueer,232.111.52.68,Kia,Optima,2004
154,Wilfred,Guerre,wguerre49@freewebs.com,Female,174.5.154.130,Saab,9-5,2006
155,Crin,Buckett,cbuckett4a@wunderground.com,Male,246.126.34.184,Plymouth,Breeze,1997
156,Barnabas,Thridgould,bthridgould4b@statcounter.com,Non-binary,188.170.47.127,Oldsmobile,Aurora,1999
157,Hortensia,Fearnehough,hfearnehough4c@google.fr,Genderqueer,12.159.193.129,Saturn,S-Series,2000
158,Rollin,Maraga,rmaraga4d@webnode.com,Female,82.230.184.241,Chevrolet,Silverado 2500,2003
159,Leslie,Lory,llory4e@privacy.gov.au,Genderfluid,60.137.150.90,Chevrolet,Cobalt,2007
160,Denice,Jura,djura4f@dailymail.co.uk,Genderfluid,126.244.217.218,Mercury,Sable,1986
161,Al,Clother,aclother4g@yahoo.co.jp,Non-binary,63.137.200.212,Lexus,GX,2007
162,Cher,Lipyeat,clipyeat4h@netvibes.com,Polygender,23.75.100.157,Hyundai,XG350,2003
163,Hanson,Fairbrother,hfairbrother4i@yale.edu,Genderfluid,183.1.180.210,Subaru,Tribeca,2010
164,Rollie,Cunnah,rcunnah4j@goo.gl,Agender,241.238.103.158,Audi,S6,2003
165,Jule,Nasey,jnasey4k@example.com,Genderqueer,8.118.74.221,Honda,del Sol,1995
166,Paten,Chettle,pchettle4l@trellian.com,Female,135.27.4.232,Subaru,Forester,2008
167,Sorcha,Rolf,srolf4m@xinhuanet.com,Female,167.36.211.238,Mercury,Marquis,1986
168,Meggy,Ronchka,mronchka4n@pinterest.com,Genderfluid,243.45.49.125,Toyota,Paseo,1994
169,Roslyn,Bonifazio,rbonifazio4o@deliciousdays.com,Male,49.59.26.219,Ford,Ranger,1996
170,Maren,Connal,mconnal4p@freewebs.com,Bigender,143.140.193.128,Chevrolet,Express 2500,2001
171,Verena,Guirau,vguirau4q@dagondesign.com,Agender,108.72.103.40,Dodge,Dakota,1993
172,Timothy,Tamsett,ttamsett4r@creativecommons.org,Female,93.122.142.80,Acura,CL,2001
173,Gram,Spurgeon,gspurgeon4s@gnu.org,Female,146.178.155.167,Chrysler,300,2011
174,Cozmo,Riddick,criddick4t@pcworld.com,Male,81.127.60.73,Pontiac,Daewoo Kalos,2006
175,Cherida,Abernethy,cabernethy4u@seattletimes.com,Genderfluid,243.171.159.246,BMW,M3,1996
176,Phylys,Shulem,pshulem4v@nationalgeographic.com,Agender,194.186.183.36,Toyota,TundraMax,2007
177,Alonso,Latter,alatter4w@rediff.com,Genderfluid,137.81.87.53,Dodge,Avenger,2012
178,Steward,Calderon,scalderon4x@foxnews.com,Polygender,209.97.22.25,Toyota,Tundra,2001
179,Amargo,Gaffer,agaffer4y@eventbrite.com,Polygender,70.230.197.168,Land Rover,Discovery,2007
180,Leilah,Erat,lerat4z@deliciousdays.com,Agender,247.132.215.148,Ford,E-Series,2005
181,Yoshiko,Shatliffe,yshatliffe50@facebook.com,Male,140.188.22.160,Mitsubishi,Mirage,1990
182,Iggie,Tapply,itapply51@dion.ne.jp,Male,158.71.167.29,Ford,E150,1984
183,Jacob,Hamlyn,jhamlyn52@is.gd,Male,8.164.168.67,Land Rover,Discovery Series II,2002
184,Alvinia,Burgin,aburgin53@etsy.com,Male,40.8.66.83,Mercury,Villager,2002
185,Janka,Rosson,jrosson54@ibm.com,Genderfluid,227.180.203.35,Volkswagen,GTI,1995
186,Eda,O'Halloran,eohalloran55@army.mil,Genderqueer,3.6.146.167,Lexus,RX Hybrid,2007
187,Katya,Spellsworth,kspellsworth56@dot.gov,Bigender,169.226.11.75,Dodge,Ram 2500,2001
188,Heath,Sibson,hsibson57@liveinternet.ru,Genderfluid,25.91.120.225,Volvo,940,1993
189,Merna,Danels,mdanels58@hibu.com,Agender,48.37.245.49,Toyota,Tundra,2003
190,Marieann,Bridgwood,mbridgwood59@ustream.tv,Non-binary,60.84.61.131,BMW,Z4,2010
191,Lesley,Meatcher,lmeatcher5a@nationalgeographic.com,Bigender,15.144.136.68,Ford,Taurus,1995
192,Almire,Kemball,akemball5b@fema.gov,Female,55.114.177.194,Dodge,Dakota Club,2003
193,Onfroi,Deverille,odeverille5c@bizjournals.com,Non-binary,239.175.122.57,Mercedes-Benz,CLS-Class,2009
194,Ginni,Kid,gkid5d@cnn.com,Female,53.155.18.158,Volvo,C70,2007
195,Elwin,Huerta,ehuerta5e@vk.com,Genderfluid,173.219.49.70,Mitsubishi,Chariot,1996
196,Winnifred,Cockings,wcockings5f@w3.org,Bigender,164.148.52.100,Pontiac,Monterey,2005
197,Candide,Capey,ccapey5g@hao123.com,Agender,19.208.45.213,Chevrolet,Corvette,1997
198,Saxe,Harler,sharler5h@goo.gl,Non-binary,24.61.27.166,Kia,Sorento,2004
199,Dewitt,Harverson,dharverson5i@microsoft.com,Genderqueer,224.108.34.144,Mercury,Mariner,2010
200,Ula,Spellward,uspellward5j@msu.edu,Genderqueer,4.164.147.175,GMC,1500 Club Coupe,1993
201,Emmi,Torald,etorald5k@craigslist.org,Agender,97.113.194.68,Ford,Fusion,2008
202,Hunt,Kolin,hkolin5l@liveinternet.ru,Polygender,217.22.10.134,Ford,E250,2008
203,Obie,Croyser,ocroyser5m@so-net.ne.jp,Polygender,29.139.86.53,Jeep,Grand Cherokee,2004
204,Berton,Rabbatts,brabbatts5n@bluehost.com,Male,43.118.25.161,Scion,tC,2006
205,Terri,Lampert,tlampert5o@mtv.com,Agender,146.1.221.25,Mercedes-Benz,SL-Class,2007
206,Lind,Hadingham,lhadingham5p@mayoclinic.com,Female,230.162.75.254,Ford,F350,2009
207,Mellisent,Jubb,mjubb5q@cbsnews.com,Agender,213.25.171.252,Mazda,B-Series Plus,2004
208,Nollie,Lamblin,nlamblin5r@geocities.com,Polygender,78.86.253.139,Chevrolet,Suburban 1500,2005
209,Louisa,Baudoux,lbaudoux5s@ed.gov,Bigender,204.236.215.211,GMC,Yukon,1998
210,Pet,Witty,pwitty5t@yahoo.com,Polygender,62.208.127.200,Pontiac,Grand Prix,2004
211,Orin,Doyle,odoyle5u@constantcontact.com,Genderfluid,180.102.41.148,Mercedes-Benz,SLK-Class,2004
212,Erny,Snoddy,esnoddy5v@ask.com,Polygender,236.163.172.121,Aston Martin,DB9,2011
213,Matelda,Lear,mlear5w@com.com,Male,50.196.181.64,Mitsubishi,Eclipse,1997
214,Lavinia,Bohden,lbohden5x@mail.ru,Genderqueer,72.47.109.234,Mercury,Lynx,1984
215,Luke,Petera,lpetera5y@ow.ly,Genderqueer,184.111.87.228,Maybach,62,2008
216,Garrot,Uccello,guccello5z@foxnews.com,Agender,131.18.42.52,Infiniti,G35,2008
217,Othilia,Ouldcott,oouldcott60@blogs.com,Non-binary,240.72.115.68,Porsche,Boxster,2007
218,Crawford,Ubee,cubee61@wunderground.com,Male,59.30.122.56,Saturn,S-Series,1996
219,Neale,Cordon,ncordon62@cdc.gov,Male,217.141.177.210,Mitsubishi,Outlander,2010
220,Angel,Calway,acalway63@wufoo.com,Agender,211.24.181.68,Mazda,Mazdaspeed 3,2008
221,Bunni,Tripp,btripp64@apple.com,Agender,33.79.56.23,Ford,Focus,2002
222,Uriah,Kummerlowe,ukummerlowe65@google.it,Female,41.96.207.132,Mitsubishi,Truck,1990
223,Pansie,Mickleburgh,pmickleburgh66@rakuten.co.jp,Non-binary,124.233.182.212,Infiniti,G,2007
224,Corey,Bellson,cbellson67@wikimedia.org,Bigender,48.50.5.80,Geo,Prizm,1995
225,Amandy,Leader,aleader68@salon.com,Bigender,185.91.22.7,Toyota,Highlander,2002
226,Lou,Pooke,lpooke69@bandcamp.com,Genderfluid,25.191.93.48,Maserati,430,1990
227,Melita,Merrgan,mmerrgan6a@youtu.be,Polygender,2.8.85.57,Aston Martin,DBS,2010
228,Rowney,Jankovsky,rjankovsky6b@theatlantic.com,Bigender,48.12.120.26,Ford,Crown Victoria,1993
229,Dorey,Kieran,dkieran6c@taobao.com,Bigender,240.181.63.11,Maserati,GranTurismo,2010
230,Cornelia,Calderon,ccalderon6d@desdev.cn,Polygender,2.0.141.134,Infiniti,EX,2011
231,Mollee,Kobpal,mkobpal6e@networksolutions.com,Non-binary,196.243.195.254,Ford,E-Series,2009
232,Kassi,Beckensall,kbeckensall6f@accuweather.com,Male,94.132.240.76,Suzuki,Grand Vitara,2007
233,Shantee,Lacheze,slacheze6g@phoca.cz,Bigender,19.161.99.186,Chrysler,Aspen,2008
234,Broddy,Fawdry,bfawdry6h@themeforest.net,Polygender,188.57.65.70,Ford,Ranger,1996
235,Kelley,Inchan,kinchan6i@nasa.gov,Non-binary,171.182.73.83,Buick,LeSabre,2005
236,Neal,Connue,nconnue6j@example.com,Non-binary,239.17.39.173,Volkswagen,Touareg,2011
237,Barbi,Adamovitz,badamovitz6k@barnesandnoble.com,Genderfluid,225.220.38.145,GMC,Sierra 1500,2007
238,Hollie,Lightning,hlightning6l@addtoany.com,Genderqueer,210.55.237.105,Chevrolet,3500,1999
239,Marwin,Blinerman,mblinerman6m@dailymotion.com,Agender,174.45.212.254,Maserati,228,1990
240,Dill,Noorwood,dnoorwood6n@sitemeter.com,Genderqueer,21.185.75.106,Volkswagen,GTI,1991
241,Dionysus,Auchinleck,dauchinleck6o@mail.ru,Non-binary,133.203.144.133,Ford,Escort,1984
242,Ashlee,Maides,amaides6p@washington.edu,Polygender,126.68.198.4,Ford,Contour,1996
243,Tome,De Paepe,tdepaepe6q@yahoo.com,Female,139.76.5.186,Mitsubishi,Chariot,1991
244,Thacher,Warwick,twarwick6r@about.com,Non-binary,165.198.214.141,Honda,Odyssey,2004
245,Berry,Fermor,bfermor6s@163.com,Genderqueer,155.217.121.113,Audi,A8,2011
246,Johnna,Hunnisett,jhunnisett6t@wsj.com,Male,58.127.147.242,Lexus,ES,2008
247,Hector,McCleary,hmccleary6u@mysql.com,Male,149.225.27.155,Chrysler,Aspen,2008
248,Rubie,Rowsel,rrowsel6v@usa.gov,Genderqueer,64.195.154.81,Cadillac,CTS-V,2010
249,Sylvester,Gaven,sgaven6w@jalbum.net,Male,47.84.247.162,Infiniti,G37,2008
250,Standford,Attwell,sattwell6x@mashable.com,Genderqueer,192.185.142.69,Buick,Century,1991
251,Jason,Cathcart,jcathcart6y@odnoklassniki.ru,Bigender,136.219.195.46,Toyota,TundraMax,2012
252,Frazer,Victor,fvictor6z@t-online.de,Female,80.104.124.141,Lincoln,Mark VIII,1997
253,Ardisj,Gowing,agowing70@unc.edu,Male,7.33.129.178,Lincoln,Continental,1993
254,Hasheem,Plaschke,hplaschke71@so-net.ne.jp,Genderqueer,76.119.192.123,Dodge,Ram Van 1500,2001
255,Shalne,Congdon,scongdon72@bandcamp.com,Bigender,174.169.129.230,Dodge,Caliber,2010
256,Anson,Lightwing,alightwing73@alexa.com,Polygender,235.131.243.19,Nissan,Armada,2008
257,Whit,Skaif,wskaif74@unc.edu,Polygender,162.239.233.142,Lincoln,Continental,1998
258,Bee,McNeillie,bmcneillie75@dot.gov,Polygender,17.118.133.249,Nissan,280ZX,1979
259,Filberto,Crippen,fcrippen76@ibm.com,Genderqueer,168.149.237.53,Volkswagen,GTI,2006
260,Gawen,Zuann,gzuann77@paginegialle.it,Female,141.207.201.8,BMW,Z3,1996
261,Aguste,Goymer,agoymer78@123-reg.co.uk,Bigender,187.4.9.176,Mitsubishi,Sigma,1990
262,Milissent,Aicken,maicken79@adobe.com,Polygender,192.30.79.152,Lexus,GX,2007
263,Dode,Davids,ddavids7a@google.ru,Polygender,137.248.183.78,Subaru,Brat,1985
264,Marietta,Gilbride,mgilbride7b@imageshack.us,Polygender,35.50.208.12,Nissan,Pathfinder,2012
265,Selma,Matonin,smatonin7c@princeton.edu,Female,195.195.4.78,Acura,Legend,1992
266,Cathy,Gillott,cgillott7d@technorati.com,Non-binary,166.208.243.23,Mitsubishi,Chariot,1988
267,Clayborn,Piborn,cpiborn7e@globo.com,Genderqueer,98.104.134.201,Land Rover,Freelander,2009
268,Junia,Laingmaid,jlaingmaid7f@ow.ly,Agender,8.148.231.88,Subaru,Leone,1985
269,Penni,Carabet,pcarabet7g@hubpages.com,Male,13.251.172.195,Mercedes-Benz,S-Class,1989
270,Ambur,Floweth,afloweth7h@geocities.jp,Genderfluid,209.234.187.27,GMC,Rally Wagon 2500,1994
271,Roselia,Lebbon,rlebbon7i@flavors.me,Male,41.173.231.91,Toyota,Sienna,2008
272,Elyse,Pioli,epioli7j@prlog.org,Non-binary,234.141.55.32,Ford,E-Series,1996
273,Mair,Reinbech,mreinbech7k@narod.ru,Agender,33.233.235.156,Nissan,GT-R,2011
274,Brendon,Belsey,bbelsey7l@google.fr,Bigender,160.142.118.4,Oldsmobile,Alero,2004
275,Bethena,Bohey,bbohey7m@networksolutions.com,Polygender,165.230.236.72,Infiniti,J,1994
276,Alfie,Clears,aclears7n@about.com,Genderqueer,254.20.91.243,Audi,A6,2003
277,Lorena,Edmund,ledmund7o@umich.edu,Genderqueer,14.44.183.162,Land Rover,LR2,2010
278,Danyette,Hurdis,dhurdis7p@telegraph.co.uk,Male,147.208.7.209,Acura,TL,1997
279,Hamil,Frise,hfrise7q@fastcompany.com,Non-binary,206.199.252.185,Pontiac,Firefly,1988
280,Chev,Callendar,ccallendar7r@biglobe.ne.jp,Agender,151.66.107.25,Mercedes-Benz,CLS-Class,2012
281,Christoffer,Forcer,cforcer7s@prweb.com,Genderqueer,162.119.132.167,Audi,A6,2001
282,Aldwin,Paynter,apaynter7t@last.fm,Genderfluid,52.139.146.218,Suzuki,Grand Vitara,2004
283,Morty,Gaffney,mgaffney7u@ft.com,Genderfluid,62.65.196.72,Dodge,Caravan,1985
284,Chlo,Grisley,cgrisley7v@netvibes.com,Polygender,228.235.115.79,Maserati,Biturbo,1984
285,Lonnard,Catley,lcatley7w@virginia.edu,Polygender,178.197.33.98,Mazda,Familia,1988
286,Auguste,Dunston,adunston7x@zimbio.com,Genderfluid,128.68.66.233,Porsche,Cayman,2008
287,Ferne,Hammatt,fhammatt7y@illinois.edu,Agender,31.91.198.111,Subaru,Justy,1992
288,Allan,Sallings,asallings7z@acquirethisname.com,Non-binary,109.29.115.116,Dodge,D150 Club,1992
289,Berke,Reddings,breddings80@army.mil,Female,246.56.239.233,Cadillac,Escalade ESV,2012
290,Chere,Oxx,coxx81@1688.com,Non-binary,222.96.232.35,GMC,Sierra 2500,2010
291,Rennie,Whyler,rwhyler82@wp.com,Bigender,23.143.12.216,Chevrolet,S10,2002
292,Isis,Buckland,ibuckland83@sitemeter.com,Male,249.79.51.91,Buick,LeSabre,1998
293,Bernetta,Michiel,bmichiel84@google.com.au,Agender,147.235.97.82,Nissan,Pathfinder,2008
294,Alonso,Beament,abeament85@netlog.com,Bigender,53.35.219.236,GMC,Sierra 3500,2010
295,Orson,Maffi,omaffi86@google.com.hk,Agender,147.147.189.112,Ford,LTD Crown Victoria,1986
296,Kori,Wakeley,kwakeley87@nps.gov,Agender,77.196.168.77,Suzuki,Grand Vitara,2011
297,Eliot,Farthin,efarthin88@bing.com,Genderqueer,94.238.203.108,Ford,Explorer,1998
298,Hestia,Marthen,hmarthen89@wufoo.com,Non-binary,138.169.38.55,Ford,Bronco,1985
299,Venita,Rubroe,vrubroe8a@gmpg.org,Female,93.87.81.6,BMW,6 Series,2007
300,Kelila,Gomm,kgomm8b@cargocollective.com,Polygender,51.191.231.225,Mercury,Sable,1989
301,Linell,Chislett,lchislett8c@exblog.jp,Agender,34.218.46.25,Kia,Rondo,2009
302,Claudio,Rickeard,crickeard8d@prlog.org,Non-binary,183.124.40.99,Oldsmobile,Cutlass Supreme,1993
303,Letitia,Brenston,lbrenston8e@cisco.com,Genderfluid,136.234.126.68,Scion,tC,2009
304,Leela,Reville,lreville8f@redcross.org,Female,135.30.16.66,Bentley,Continental Super,2011
305,Ban,Bowhay,bbowhay8g@drupal.org,Polygender,147.170.230.125,BMW,M3,1997
306,Scarface,Kay,skay8h@springer.com,Non-binary,29.132.117.199,Pontiac,Fiero,1988
307,Hort,Klimentyonok,hklimentyonok8i@ed.gov,Male,27.30.10.183,Chevrolet,Corvette,1995
308,Saundra,Caddens,scaddens8j@linkedin.com,Genderqueer,248.134.89.81,Mercedes-Benz,500SEC,1993
309,Olga,Sitch,ositch8k@telegraph.co.uk,Male,62.150.64.118,Chevrolet,Malibu,2006
310,Marlowe,Shelsher,mshelsher8l@homestead.com,Agender,193.241.44.205,Jaguar,XJ Series,2005
311,Piggy,Docharty,pdocharty8m@geocities.jp,Agender,170.221.34.243,Hyundai,Sonata,1993
312,Reade,Strangeways,rstrangeways8n@mayoclinic.com,Agender,221.200.121.162,Jeep,Grand Cherokee,2000
313,Emilia,Oles,eoles8o@sitemeter.com,Agender,75.203.119.210,Chevrolet,Corvette,1968
314,Roobbie,Poinsett,rpoinsett8p@toplist.cz,Agender,159.105.52.243,Dodge,Intrepid,2003
315,Selle,Gravell,sgravell8q@paginegialle.it,Genderqueer,253.8.20.202,Mazda,RX-7,1992
316,Peggie,Yuryshev,pyuryshev8r@altervista.org,Polygender,39.14.229.215,Lincoln,Continental,1992
317,Goober,Cropper,gcropper8s@rediff.com,Non-binary,213.178.146.214,GMC,Savana 2500,1998
318,Cherilyn,Punt,cpunt8t@jigsy.com,Agender,112.87.223.206,Ford,E250,2011
319,Barth,Jandl,bjandl8u@weibo.com,Female,128.35.208.15,Ford,Ranger,1993
320,Jacquenetta,Pumphrey,jpumphrey8v@a8.net,Polygender,253.4.132.216,Hummer,H1,1993
321,Conrade,Kendell,ckendell8w@yale.edu,Female,157.201.113.223,Lincoln,MKT,2012
322,Maegan,Esplin,mesplin8x@ameblo.jp,Bigender,173.70.170.22,Acura,RDX,2007
323,Robinson,Steeples,rsteeples8y@tmall.com,Male,240.163.98.255,Mitsubishi,Mirage,1985
324,Lev,Phythien,lphythien8z@about.me,Polygender,215.0.170.127,Mazda,Mazda6,2003
325,Malchy,Ingold,mingold90@uol.com.br,Bigender,80.69.65.109,GMC,Sierra 2500,2000
326,Bell,Shilling,bshilling91@youtube.com,Bigender,84.60.152.96,Ford,E-Series,2003
327,Nap,Verma,nverma92@jiathis.com,Genderqueer,27.118.108.183,Suzuki,Forenza,2007
328,Lara,Wotherspoon,lwotherspoon93@washingtonpost.com,Bigender,67.168.93.64,MINI,Countryman,2012
329,Hollie,Burras,hburras94@icq.com,Genderfluid,8.69.181.23,Plymouth,Fury,1964
330,Lem,Elliker,lelliker95@hhs.gov,Genderqueer,223.174.109.240,Buick,Electra,1984
331,Roderigo,Bassil,rbassil96@eepurl.com,Genderqueer,144.145.147.119,Eagle,Vision,1995
332,Ernestine,Issett,eissett97@webmd.com,Agender,127.75.57.138,Ford,F150,1996
333,Jillayne,Pleaden,jpleaden98@tiny.cc,Agender,230.255.178.192,Chevrolet,Camaro,1976
334,Alexina,Suggey,asuggey99@biglobe.ne.jp,Bigender,124.24.140.118,Mazda,CX-7,2009
335,Orson,Jaggli,ojaggli9a@yandex.ru,Female,184.133.154.41,Nissan,GT-R,2010
336,Ailee,Killock,akillock9b@icq.com,Bigender,73.201.87.109,Chevrolet,Impala,1994
337,Delmor,Dyball,ddyball9c@clickbank.net,Polygender,204.176.89.137,Mitsubishi,Eclipse,1998
338,Mickey,Bakesef,mbakesef9d@dedecms.com,Female,173.38.192.188,Buick,Riviera,1995
339,Saunderson,Stennine,sstennine9e@vinaora.com,Non-binary,83.110.98.196,Chevrolet,Silverado 1500,2001
340,Lucie,Mc Caghan,lmccaghan9f@goo.gl,Bigender,137.225.4.215,Volvo,C70,2002
341,Alison,Nolli,anolli9g@behance.net,Male,132.155.209.67,Ford,Probe,1996
342,Bendite,Lauderdale,blauderdale9h@msu.edu,Genderqueer,167.176.211.209,Ford,Econoline E150,1996
343,Jaquenette,Rummings,jrummings9i@sourceforge.net,Polygender,220.241.44.127,Chevrolet,Corvette,1992
344,Leonora,Genery,lgenery9j@skype.com,Agender,26.217.129.160,Kia,Sportage,2000
345,Homer,Every,hevery9k@gizmodo.com,Genderqueer,254.244.187.209,Chevrolet,1500,1998
346,Ricki,Barden,rbarden9l@home.pl,Male,103.117.105.2,Toyota,Prius,2001
347,Jephthah,Wankel,jwankel9m@tripod.com,Non-binary,168.13.73.229,Ford,Bronco,1991
348,Lavina,Gilling,lgilling9n@addtoany.com,Male,54.208.50.250,Suzuki,Daewoo Lacetti,2006
349,Shaun,Chaize,schaize9o@hc360.com,Female,175.51.14.86,Infiniti,FX,2012
350,Karalee,Bould,kbould9p@opera.com,Male,115.244.125.211,Hyundai,Scoupe,1994
351,Agace,Sigg,asigg9q@discovery.com,Non-binary,198.59.221.61,Ford,Mustang,2008
352,Lynnet,Burrell,lburrell9r@privacy.gov.au,Female,231.173.229.238,Volkswagen,Golf,2002
353,Nert,Barter,nbarter9s@slate.com,Female,39.232.31.1,Porsche,928,1991
354,Romona,McJarrow,rmcjarrow9t@nasa.gov,Female,224.172.37.38,Mazda,Miata MX-5,1993
355,Ansell,McKinless,amckinless9u@mayoclinic.com,Non-binary,201.161.153.255,Acura,RDX,2010
356,Cory,Brunsen,cbrunsen9v@tumblr.com,Female,31.221.126.88,Lexus,GX,2007
357,Babbette,Albury,balbury9w@hud.gov,Bigender,98.92.193.84,Pontiac,Bonneville,1965
358,Dannel,Brewin,dbrewin9x@360.cn,Bigender,120.174.19.37,Pontiac,G6,2007
359,Lucho,Sibson,lsibson9y@goo.gl,Genderfluid,191.100.193.35,Jeep,Liberty,2003
360,Lorens,Wasbrough,lwasbrough9z@histats.com,Polygender,88.154.203.183,Kia,Rio,2003
361,Celeste,Symons,csymonsa0@nifty.com,Non-binary,216.47.103.213,Mazda,RX-7,1983
362,Mart,Battrum,mbattruma1@discuz.net,Genderfluid,151.7.238.100,Volkswagen,Golf,2003
363,Eachelle,Brims,ebrimsa2@sitemeter.com,Non-binary,44.31.168.128,Lincoln,MKZ,2009
364,Alister,Loncaster,aloncastera3@yahoo.co.jp,Agender,201.212.160.193,Chevrolet,Avalanche,2010
365,Igor,Challener,ichallenera4@businessinsider.com,Male,185.103.199.96,Jeep,Grand Cherokee,1999
366,Saxon,Abendroth,sabendrotha5@lulu.com,Female,47.242.11.255,Ford,Crown Victoria,2006
367,Humberto,McMichael,hmcmichaela6@ow.ly,Agender,125.174.75.194,Mercedes-Benz,G-Class,2011
368,Torrance,O'Hickey,tohickeya7@qq.com,Agender,71.107.176.192,Saturn,Ion,2007
369,Sollie,Dinse,sdinsea8@ameblo.jp,Bigender,151.19.8.2,Mitsubishi,Montero Sport,1998
370,Allx,MacMenamy,amacmenamya9@godaddy.com,Bigender,142.176.46.113,BMW,M3,1999
371,Elly,O Mullen,eomullenaa@mashable.com,Male,187.15.68.50,Dodge,Sprinter,2008
372,Rianon,Barreau,rbarreauab@patch.com,Genderfluid,87.14.118.195,Lotus,Esprit Turbo,1984
373,Morley,Garbar,mgarbarac@elpais.com,Non-binary,84.59.96.29,Toyota,Prius,2006
374,Trefor,Walcher,twalcherad@goodreads.com,Genderfluid,11.90.127.31,Mercedes-Benz,S-Class,1995
375,Tobe,Relton,treltonae@columbia.edu,Genderfluid,128.9.196.15,Isuzu,i-370,2008
376,Sonia,Golledge,sgolledgeaf@is.gd,Genderqueer,0.118.232.209,BMW,3 Series,1999
377,Bobbe,Langfitt,blangfittag@independent.co.uk,Male,84.159.97.98,Jaguar,XJ Series,1992
378,Jobey,Greenhaugh,jgreenhaughah@mashable.com,Female,61.238.112.60,Pontiac,Firefly,1984
379,Fredelia,Bock,fbockai@scientificamerican.com,Bigender,48.121.218.183,Geo,Tracker,1995
380,Jania,Reyes,jreyesaj@dell.com,Male,121.246.138.149,Nissan,Rogue,2009
381,Sandy,Sictornes,ssictornesak@foxnews.com,Non-binary,176.118.216.15,Bentley,Continental GTC,2011
382,Lindie,Friend,lfriendal@wordpress.com,Polygender,22.66.110.45,GMC,Canyon,2005
383,Reed,Marion,rmarionam@t.co,Genderqueer,17.17.47.244,Pontiac,Firefly,1985
384,Irvine,Largan,ilarganan@nifty.com,Male,180.197.35.237,Bugatti,Veyron,2009
385,Sarah,Oakshott,soakshottao@yahoo.com,Bigender,89.47.100.152,Volkswagen,Scirocco,1988
386,Mariejeanne,Currin,mcurrinap@feedburner.com,Male,161.178.231.182,Audi,A7,2012
387,Jaime,Vasilenko,jvasilenkoaq@un.org,Genderqueer,195.25.131.37,Audi,R8,2009
388,Willette,Canny,wcannyar@nature.com,Non-binary,75.136.194.25,Volkswagen,Type 2,1988
389,Vaughan,Grazier,vgrazieras@miibeian.gov.cn,Male,176.161.237.92,Aston Martin,V8 Vantage,2012
390,Padriac,Ounsworth,pounsworthat@google.es,Genderfluid,102.94.136.2,Mercury,Mariner,2007
391,Alejandrina,Bousquet,abousquetau@apple.com,Genderfluid,162.246.172.133,Nissan,Versa,2011
392,Lazarus,Mathew,lmathewav@github.io,Agender,75.64.158.7,Mazda,323,1994
393,Glenine,Petrasch,gpetraschaw@163.com,Genderfluid,205.83.8.181,Volvo,960,1995
394,Aggie,Bettanay,abettanayax@parallels.com,Genderfluid,208.242.131.218,GMC,Yukon,2011
395,Barth,Aspel,baspelay@is.gd,Bigender,124.199.203.178,Toyota,TundraMax,2008
396,Cheryl,Di Maggio,cdimaggioaz@devhub.com,Genderfluid,121.93.75.233,Mercedes-Benz,W201,1992
397,Madelena,Curee,mcureeb0@fda.gov,Male,108.196.41.165,Hyundai,Accent,1999
398,Britney,Pashba,bpashbab1@seattletimes.com,Bigender,62.8.168.127,Chevrolet,Suburban 2500,1998
399,Dore,Le Port,dleportb2@slideshare.net,Non-binary,82.44.113.24,Audi,S8,2009
400,Garnette,Epps,geppsb3@wisc.edu,Male,160.25.247.127,Isuzu,Ascender,2006
401,Estella,Halvosen,ehalvosenb4@europa.eu,Genderqueer,105.181.66.237,Eagle,Talon,1991
402,Vittorio,Morl,vmorlb5@fda.gov,Bigender,182.250.177.94,Ford,Fusion,2008
403,Tess,Peerless,tpeerlessb6@gov.uk,Agender,251.9.45.43,Subaru,Impreza,1995
404,Pierson,Townes,ptownesb7@fastcompany.com,Polygender,110.52.24.8,Plymouth,Laser,1992
405,Carlota,Ondrasek,condrasekb8@mapy.cz,Bigender,60.34.12.238,Mazda,Mazda6,2006
406,Olvan,Macartney,omacartneyb9@trellian.com,Bigender,254.12.64.82,Ford,Econoline E150,1993
407,Thibaud,Maryon,tmaryonba@hhs.gov,Non-binary,159.42.121.210,Isuzu,Trooper,1994
408,Seka,Euler,seulerbb@livejournal.com,Polygender,4.58.71.243,BMW,M6,2008
409,Donnajean,Persian,dpersianbc@house.gov,Genderqueer,228.158.253.177,Mitsubishi,Excel,1988
410,Tarrah,Rosevear,trosevearbd@google.co.uk,Genderfluid,193.55.111.144,Toyota,RAV4,2001
411,Winni,Payn,wpaynbe@newsvine.com,Agender,192.44.88.23,Plymouth,Breeze,1999
412,Jeremy,Kinge,jkingebf@flickr.com,Male,248.24.180.182,Cadillac,CTS-V,2012
413,Karly,Boxell,kboxellbg@infoseek.co.jp,Genderqueer,210.22.106.159,Nissan,Quest,2004
414,Petunia,Speaks,pspeaksbh@youku.com,Agender,152.125.2.148,Volkswagen,Passat,2008
415,Allin,Petr,apetrbi@disqus.com,Genderqueer,228.123.145.5,Nissan,Sentra,1992
416,Sharleen,Farlowe,sfarlowebj@nbcnews.com,Polygender,237.118.184.127,Ford,Thunderbird,1955
417,Saraann,Giamelli,sgiamellibk@apache.org,Male,136.242.113.232,Lotus,Exige,2010
418,Briny,Still,bstillbl@amazon.co.uk,Bigender,187.125.120.193,Land Rover,Range Rover,1998
419,Nichole,Regenhardt,nregenhardtbm@issuu.com,Female,67.217.132.40,Mitsubishi,Pajero,1998
420,Nadia,Jain,njainbn@amazonaws.com,Female,168.218.189.123,Pontiac,LeMans,1991
421,Isidore,Titchen,ititchenbo@ask.com,Bigender,61.169.106.250,Infiniti,QX,2008
422,Alric,Hallatt,ahallattbp@irs.gov,Non-binary,97.165.149.42,Subaru,Baja,2006
423,Alix,Gaiford,agaifordbq@wikispaces.com,Genderqueer,42.97.65.179,Ford,Escape,2012
424,Germaine,Cesco,gcescobr@goodreads.com,Male,149.238.1.124,Audi,100,1994
425,Weylin,Truggian,wtruggianbs@barnesandnoble.com,Agender,255.128.81.231,Volkswagen,Touareg,2010
426,Orella,Lande,olandebt@discuz.net,Polygender,99.202.185.25,Volvo,S60,2007
427,Otes,Classen,oclassenbu@bbb.org,Non-binary,25.3.199.109,Ford,Contour,1999
428,Donna,Boeter,dboeterbv@sina.com.cn,Polygender,50.78.30.73,Mercedes-Benz,CL-Class,2010
429,Currey,Tandy,ctandybw@nationalgeographic.com,Agender,67.1.62.211,Audi,S6,2009
430,Tomasine,Janiszewski,tjaniszewskibx@spotify.com,Polygender,66.69.70.238,Mercedes-Benz,300CE,1992
431,Sheffield,Oxtoby,soxtobyby@furl.net,Agender,29.44.21.206,Mercedes-Benz,E-Class,1997
432,Patty,Ketley,pketleybz@fastcompany.com,Non-binary,155.117.21.190,Jaguar,XJ,2006
433,Logan,Buncom,lbuncomc0@hatena.ne.jp,Agender,75.90.194.59,Bentley,Continental Flying Spur,2009
434,Mal,McTrustram,mmctrustramc1@symantec.com,Female,44.83.170.180,Hyundai,Accent,2005
435,Ellen,Cowndley,ecowndleyc2@ask.com,Non-binary,166.254.108.241,Porsche,Cayman,2010
436,Pauli,Orteau,porteauc3@tinypic.com,Female,185.25.168.190,Lexus,RX,2012
437,Jacquie,Jagger,jjaggerc4@dmoz.org,Bigender,141.185.49.94,Audi,S4,2004
438,Lily,Earry,learryc5@addtoany.com,Polygender,57.57.229.6,Honda,S2000,2000
439,Antony,Collumbell,acollumbellc6@wiley.com,Genderfluid,226.110.32.154,Isuzu,Ascender,2007
440,Ryann,Kunrad,rkunradc7@gizmodo.com,Female,82.155.247.191,Audi,A6,2008
441,Kacey,Fitton,kfittonc8@mozilla.org,Male,140.199.60.26,Mazda,Familia,1991
442,Abagael,Gornar,agornarc9@who.int,Polygender,246.198.218.16,Saab,9-3,2008
443,Brock,Lovat,blovatca@histats.com,Polygender,101.133.97.76,Nissan,Murano,2004
444,Krisha,Kleiner,kkleinercb@canalblog.com,Genderfluid,191.127.172.2,Dodge,Ram 3500 Club,1995
445,Des,Pietzker,dpietzkercc@moonfruit.com,Polygender,140.24.33.128,Rolls-Royce,Ghost,2010
446,Dun,Luckhurst,dluckhurstcd@msu.edu,Female,82.47.226.102,Chevrolet,Corvette,2000
447,Nan,Nowill,nnowillce@163.com,Female,130.64.107.236,Toyota,Solara,2004
448,Sibley,Brabant,sbrabantcf@last.fm,Genderfluid,102.195.140.23,Oldsmobile,LSS,1997
449,Kristian,Maseres,kmaserescg@nps.gov,Bigender,103.3.172.188,Volvo,S40,2010
450,Imogen,Gianninotti,igianninottich@nymag.com,Male,42.234.188.109,Mitsubishi,Chariot,1996
451,Lawrence,Gutowski,lgutowskici@discovery.com,Genderqueer,25.244.3.242,Suzuki,Equator,2012
452,Wittie,Whordley,wwhordleycj@indiegogo.com,Non-binary,43.66.41.171,Nissan,Altima,1999
453,Filip,Blain,fblainck@ameblo.jp,Non-binary,129.157.200.194,Saab,9-7X,2006
454,Florenza,Primo,fprimocl@desdev.cn,Genderfluid,133.41.7.77,Chevrolet,Silverado 3500,2010
455,Windy,Romme,wrommecm@reverbnation.com,Non-binary,47.90.70.107,Ford,Econoline E250,1998
456,Yoshiko,Ragbourn,yragbourncn@hibu.com,Non-binary,67.129.224.245,Mitsubishi,Montero,2002
457,Budd,Pahler,bpahlerco@dion.ne.jp,Agender,60.133.13.232,Ford,Fusion,2011
458,Shirlene,Asp,saspcp@blogspot.com,Genderqueer,246.46.192.173,Saturn,S-Series,1999
459,Yolanda,Lyosik,ylyosikcq@theatlantic.com,Polygender,16.61.178.225,Audi,TT,2000
460,Barris,Sign,bsigncr@usatoday.com,Genderfluid,33.179.94.215,Ford,Probe,1994
461,Sandor,Scammell,sscammellcs@wsj.com,Male,164.194.81.24,Chevrolet,Express 3500,2003
462,Damaris,Upex,dupexct@trellian.com,Genderqueer,168.50.187.163,Isuzu,Hombre,1996
463,Carlene,Elliston,cellistoncu@wunderground.com,Agender,210.183.136.248,Acura,Integra,1992
464,Moshe,Dishman,mdishmancv@facebook.com,Genderqueer,201.67.39.150,Honda,CR-X,1984
465,Fey,Drakard,fdrakardcw@google.co.jp,Non-binary,0.99.237.65,Chevrolet,Metro,2001
466,Frederic,Ruegg,frueggcx@1und1.de,Bigender,168.235.72.222,Audi,R8,2009
467,Madeleine,Gronow,mgronowcy@ovh.net,Genderfluid,141.204.166.231,Mercedes-Benz,R-Class,2011
468,Melina,Pattrick,mpattrickcz@google.nl,Genderqueer,167.126.40.40,Dodge,Viper,2006
469,Charline,Sarney,csarneyd0@google.fr,Genderfluid,210.139.242.83,Pontiac,Fiero,1987
470,Gayelord,Tilliard,gtilliardd1@mozilla.org,Male,88.214.210.251,Honda,Pilot,2003
471,Gustavus,Lipprose,glipprosed2@constantcontact.com,Genderqueer,173.245.210.55,Pontiac,Bonneville,1996
472,Ruthann,Bezzant,rbezzantd3@symantec.com,Genderqueer,26.193.11.35,Infiniti,IPL G,2012
473,Arlyne,McTague,amctagued4@wikipedia.org,Polygender,244.49.57.77,Dodge,Caravan,2003
474,Emmey,Zanitti,ezanittid5@ebay.co.uk,Male,71.253.81.210,Audi,A5,2009
475,Darleen,Bearne,dbearned6@un.org,Genderqueer,220.160.234.112,Mercedes-Benz,CLS-Class,2007
476,Ilse,Brettelle,ibrettelled7@sbwire.com,Polygender,88.56.158.204,Chrysler,Aspen,2009
477,Franklin,Mapplebeck,fmapplebeckd8@printfriendly.com,Bigender,31.56.247.92,Ford,Focus,2011
478,Chico,Dorot,cdorotd9@purevolume.com,Genderqueer,16.125.30.84,Chevrolet,Sportvan G10,1993
479,Whitney,Petyanin,wpetyaninda@tumblr.com,Genderqueer,157.188.217.21,Cadillac,Fleetwood,1994
480,Caressa,Phillot,cphillotdb@globo.com,Genderfluid,33.74.31.219,Honda,Insight,2001
481,Jarret,Filipov,jfilipovdc@psu.edu,Female,56.244.129.234,Lincoln,MKT,2011
482,Charles,Skamal,cskamaldd@biglobe.ne.jp,Polygender,233.123.190.143,Chevrolet,Camaro,2010
483,Dyna,Wotton,dwottonde@w3.org,Non-binary,67.162.253.210,Toyota,Camry,1993
484,Nancie,Berndsen,nberndsendf@mlb.com,Agender,3.87.173.205,Infiniti,G,2005
485,Vaclav,Majury,vmajurydg@acquirethisname.com,Polygender,56.148.154.143,Toyota,Prius,2007
486,Klara,Kemitt,kkemittdh@surveymonkey.com,Genderqueer,187.156.45.176,Buick,LeSabre,1993
487,Margit,Malan,mmalandi@dion.ne.jp,Genderqueer,70.173.253.15,Nissan,Xterra,2004
488,Chico,Dionisetti,cdionisettidj@nydailynews.com,Genderfluid,165.175.234.73,GMC,Terrain,2010
489,Waylan,Bendin,wbendindk@huffingtonpost.com,Agender,220.156.144.106,Ford,Excursion,2005
490,Oriana,Barta,obartadl@apple.com,Genderqueer,232.75.14.167,Lexus,ES,2003
491,Lina,Hembrow,lhembrowdm@rakuten.co.jp,Polygender,235.209.12.202,Saab,9-3,2003
492,Jackqueline,Jacmard,jjacmarddn@qq.com,Genderfluid,109.210.196.159,Ford,Expedition,2007
493,Tanhya,Denidge,tdenidgedo@marriott.com,Genderfluid,65.0.251.19,Hyundai,Tiburon,1999
494,Amitie,Roke,arokedp@nydailynews.com,Bigender,132.57.97.164,Toyota,Sequoia,2009
495,Rogers,Dargan,rdargandq@loc.gov,Genderqueer,115.209.106.159,Subaru,XT,1988
496,Raine,Thickett,rthickettdr@newyorker.com,Genderqueer,84.249.7.98,GMC,Yukon,1995
497,Uta,Muckeen,umuckeends@businessweek.com,Genderqueer,171.17.8.29,Suzuki,Samurai,1994
498,Karoly,Mattheus,kmattheusdt@google.it,Genderfluid,139.80.138.226,Infiniti,M,2008
499,Marcelo,Elphey,melpheydu@boston.com,Non-binary,49.57.144.48,Cadillac,XLR-V,2006
500,Beverie,Duggleby,bdugglebydv@ted.com,Female,210.149.111.116,Lexus,LX,2005
501,Mindy,Jeannaud,mjeannauddw@fda.gov,Non-binary,219.225.201.172,Subaru,Outback,2001
502,Fifine,Dineen,fdineendx@icq.com,Agender,36.90.51.136,Volkswagen,Touareg,2004
503,Olin,Lamborne,olambornedy@slideshare.net,Agender,214.103.22.78,Mercedes-Benz,C-Class,1995
504,Linet,Karadzas,lkaradzasdz@i2i.jp,Bigender,124.152.250.22,Ford,F350,1992
505,Raynard,Russ,rrusse0@xrea.com,Genderfluid,53.190.92.179,Chrysler,Voyager,2003
506,Matt,Breadon,mbreadone1@networksolutions.com,Female,24.63.154.107,Dodge,Charger,1968
507,Maggie,Ortelt,mortelte2@wiley.com,Non-binary,116.87.70.11,Chevrolet,TrailBlazer,2002
508,Kare,Southcombe,ksouthcombee3@icio.us,Polygender,31.3.160.236,Mitsubishi,Galant,1990
509,Silvan,Lammiman,slammimane4@ehow.com,Polygender,176.252.93.26,Nissan,Quest,2004
510,Arly,Attack,aattacke5@trellian.com,Polygender,57.40.60.134,Saab,9000,1999
511,Piggy,Larciere,plarcieree6@jiathis.com,Bigender,210.225.51.24,Acura,RDX,2007
512,Francisco,Camerello,fcamerelloe7@arstechnica.com,Non-binary,165.227.32.125,GMC,Sierra 3500,2005
513,Rivkah,Parsonage,rparsonagee8@amazon.de,Agender,236.68.253.245,Ford,Expedition,2001
514,Brand,Titmuss,btitmusse9@jigsy.com,Polygender,143.210.206.182,Aston Martin,Vanquish S,2005
515,Petey,Fahrenbacher,pfahrenbacherea@artisteer.com,Bigender,232.109.102.142,Oldsmobile,Aurora,2002
516,Sherlocke,Baston,sbastoneb@usgs.gov,Male,200.16.116.53,Mitsubishi,Mirage,2001
517,Trudey,Bingley,tbingleyec@reverbnation.com,Non-binary,131.214.112.206,Ford,EXP,1988
518,Raynor,Christou,rchristoued@dedecms.com,Genderfluid,240.159.249.229,Chrysler,Town & Country,2002
519,Phelia,Wixey,pwixeyee@ocn.ne.jp,Female,5.112.163.152,Chevrolet,Corvette,1998
520,Jacinthe,Reames,jreamesef@elpais.com,Polygender,10.229.159.85,Toyota,Celica,1999
521,Jeremiah,Sale,jsaleeg@furl.net,Male,144.102.213.62,Dodge,Ram Wagon B250,1992
522,Nissie,Sutehall,nsutehalleh@princeton.edu,Bigender,241.165.61.40,Chevrolet,HHR,2009
523,Kelsy,Clampe,kclampeei@npr.org,Male,57.134.159.77,Dodge,Ram 3500,2005
524,Eldridge,Bateman,ebatemanej@foxnews.com,Male,86.88.179.252,Land Rover,Range Rover,2012
525,Dolorita,Morson,dmorsonek@cbslocal.com,Male,141.227.88.32,Toyota,Echo,2002
526,Micki,Sekulla,msekullael@chron.com,Male,122.94.162.57,Cadillac,Escalade EXT,2006
527,Axel,Wincom,awincomem@boston.com,Non-binary,123.3.33.136,Ford,F-Series,1990
528,Chlo,Eldred,celdreden@squidoo.com,Genderqueer,95.78.227.8,Suzuki,Sidekick,1989
529,Sterling,Katz,skatzeo@gizmodo.com,Female,230.106.25.212,Ford,Club Wagon,1997
530,Mattie,Mosedale,mmosedaleep@wordpress.com,Bigender,205.142.151.111,Mitsubishi,Outlander,2007
531,Whitney,Dressel,wdresseleq@domainmarket.com,Bigender,214.72.1.139,BMW,X3,2011
532,Ferdinanda,Redmore,fredmoreer@latimes.com,Polygender,119.241.67.130,Acura,CL,2002
533,Eleanore,Rickert,erickertes@eventbrite.com,Male,255.88.100.191,Nissan,Sentra,2010
534,See,Reyburn,sreyburnet@nsw.gov.au,Agender,229.75.3.161,Chevrolet,Blazer,2001
535,Martynne,Rickertsen,mrickertseneu@godaddy.com,Genderfluid,96.116.38.26,Subaru,Legacy,2000
536,Linoel,Sweating,lsweatingev@latimes.com,Polygender,32.73.99.137,Ford,Expedition,2012
537,Georgetta,Wayne,gwayneew@time.com,Non-binary,25.194.193.185,Pontiac,Sunbird,1988
538,Arabele,Torrecilla,atorrecillaex@bloomberg.com,Genderqueer,40.136.165.75,Mercedes-Benz,S-Class,1986
539,Alwyn,Rassmann,arassmanney@va.gov,Non-binary,171.130.144.220,Kia,Spectra,2007
540,Moreen,Boxen,mboxenez@google.com.hk,Male,223.127.39.157,Saab,9000,1994
541,Rayner,Filyushkin,rfilyushkinf0@samsung.com,Genderfluid,235.255.157.253,Acura,Integra,1997
542,Florina,Bouzan,fbouzanf1@lulu.com,Non-binary,170.38.125.73,Ford,Thunderbird,1984
543,Filberto,Cline,fclinef2@naver.com,Bigender,125.224.103.244,Lexus,ES,2005
544,Wilie,Cisar,wcisarf3@topsy.com,Genderfluid,153.70.136.139,Chrysler,300,2010
545,Stace,Morecomb,smorecombf4@house.gov,Polygender,76.211.143.169,Lincoln,Navigator,2012
546,Mercy,Kingman,mkingmanf5@sun.com,Bigender,214.242.178.139,Saab,900,1996
547,Ario,Storie,astorief6@ameblo.jp,Bigender,144.213.17.189,GMC,Savana 3500,1999
548,Nydia,Youll,nyoullf7@umich.edu,Agender,178.253.214.24,Lexus,RX Hybrid,2006
549,Ennis,Gooble,egooblef8@usa.gov,Polygender,6.206.53.232,BMW,X3,2007
550,Ariella,Buffin,abuffinf9@oakley.com,Genderfluid,205.57.4.139,Honda,Ridgeline,2006
551,Lynnea,Witcomb,lwitcombfa@cnet.com,Agender,160.251.168.20,Mercury,Sable,1991
552,Florida,Crucetti,fcrucettifb@squidoo.com,Agender,244.158.94.144,Chevrolet,Uplander,2005
553,Linnie,Witheford,lwithefordfc@cisco.com,Non-binary,182.34.155.244,Volkswagen,Jetta,1992
554,Anica,Macilhench,amacilhenchfd@si.edu,Female,220.125.110.206,Mercedes-Benz,W201,1988
555,Natka,Dahill,ndahillfe@about.com,Agender,157.208.202.51,Chevrolet,S10,2003
556,Ibby,Wink,iwinkff@prnewswire.com,Genderqueer,129.202.178.246,Isuzu,Rodeo,2003
557,Loralie,Denk,ldenkfg@bloglovin.com,Genderfluid,23.233.115.29,Chevrolet,Equinox,2011
558,Diahann,Stannas,dstannasfh@taobao.com,Genderfluid,50.204.88.13,Volvo,S80,2005
559,Pierson,Boyes,pboyesfi@barnesandnoble.com,Genderfluid,188.162.28.227,Mitsubishi,Challenger,2003
560,Cristobal,Rawlin,crawlinfj@nytimes.com,Polygender,138.147.237.15,Chrysler,Concorde,1995
561,Thorpe,Marden,tmardenfk@whitehouse.gov,Polygender,143.11.74.33,Honda,Element,2005
562,Yolande,Reasce,yreascefl@buzzfeed.com,Polygender,254.172.77.97,Chevrolet,2500,1993
563,Mario,Saladine,msaladinefm@unicef.org,Polygender,238.165.4.254,Ford,Explorer Sport Trac,2000
564,Kev,Furness,kfurnessfn@cyberchimps.com,Polygender,118.82.233.80,Buick,Reatta,1991
565,Gherardo,Gothup,ggothupfo@craigslist.org,Male,31.1.93.198,Volkswagen,Rabbit,2008
566,Derk,Sussems,dsussemsfp@freewebs.com,Non-binary,173.41.130.38,Pontiac,Grand Prix,1980
567,Kaylyn,Chadbourn,kchadbournfq@wikimedia.org,Female,130.159.212.206,Audi,A4,1996
568,Retha,Mac Geaney,rmacgeaneyfr@spotify.com,Female,230.62.170.198,Ford,Ranger,1991
569,Mame,Troubridge,mtroubridgefs@nytimes.com,Agender,115.54.207.144,Audi,A6,2002
570,Maury,Compton,mcomptonft@e-recht24.de,Genderqueer,9.171.177.85,BMW,M5,2003
571,Brooke,Nancekivell,bnancekivellfu@issuu.com,Genderfluid,58.237.240.175,Mitsubishi,Montero,1997
572,Lelah,Hartright,lhartrightfv@dyndns.org,Bigender,105.54.151.145,Ford,EXP,1984
573,Emalee,Enrietto,eenriettofw@ebay.com,Genderfluid,124.43.61.122,Chrysler,300M,2003
574,Tobi,Odhams,todhamsfx@networksolutions.com,Agender,63.247.53.34,Chevrolet,Suburban 1500,2011
575,Hieronymus,Lorek,hlorekfy@unesco.org,Agender,115.224.203.113,Ford,F150,2001
576,Meir,Stummeyer,mstummeyerfz@surveymonkey.com,Genderqueer,207.193.147.72,Mercedes-Benz,300SD,1993
577,Archaimbaud,Adderley,aadderleyg0@github.com,Genderfluid,3.142.162.8,Cadillac,XLR-V,2009
578,Caye,Ashdown,cashdowng1@chicagotribune.com,Male,94.235.153.45,Mercedes-Benz,SLR McLaren,2009
579,Mellisa,Nassi,mnassig2@smugmug.com,Polygender,234.2.75.107,Suzuki,Verona,2005
580,Roanne,Ainley,rainleyg3@gizmodo.com,Female,237.53.134.199,Ford,E-Series,1991
581,Alvinia,Kleyn,akleyng4@tumblr.com,Agender,191.77.70.79,Chevrolet,Express 3500,2010
582,Eberhard,Temby,etembyg5@weather.com,Male,104.110.128.183,Pontiac,Sunbird,1984
583,Wain,Klimpt,wklimptg6@livejournal.com,Non-binary,173.38.251.203,Chevrolet,Lumina,1997
584,Terrie,McConville,tmcconvilleg7@hp.com,Non-binary,158.239.199.125,Mercury,Grand Marquis,2001
585,Torin,Milson,tmilsong8@vimeo.com,Genderqueer,110.223.61.114,Chevrolet,Tahoe,2010
586,Alisander,Kohen,akoheng9@reference.com,Bigender,123.229.45.222,Cadillac,DeVille,2004
587,Elysia,Andrick,eandrickga@yellowbook.com,Agender,73.141.42.242,Acura,Legend,1993
588,James,Morritt,jmorrittgb@canalblog.com,Polygender,17.235.23.56,Jeep,Comanche,1992
589,Aguie,Seavers,aseaversgc@bandcamp.com,Bigender,74.158.122.84,Chevrolet,Cobalt,2006
590,Frank,Breton,fbretongd@dion.ne.jp,Female,116.69.126.114,Hyundai,Elantra,2012
591,Isador,Reihm,ireihmge@youku.com,Non-binary,238.74.84.216,Acura,MDX,2006
592,Wiley,Chalker,wchalkergf@desdev.cn,Male,249.86.128.164,Hyundai,Accent,1996
593,Jeromy,Lamp,jlampgg@odnoklassniki.ru,Genderfluid,240.27.175.194,Dodge,Spirit,1993
594,Agosto,Borrill,aborrillgh@apple.com,Bigender,116.83.72.110,Jaguar,XJ,2006
595,Nero,Clementet,nclementetgi@about.com,Genderfluid,68.200.32.165,Maserati,Quattroporte,2009
596,Britta,Sellick,bsellickgj@ebay.com,Bigender,199.154.211.108,Plymouth,Grand Voyager,1996
597,Wilton,Look,wlookgk@typepad.com,Agender,90.138.200.191,Volkswagen,GTI,1993
598,Carmela,Gudgeon,cgudgeongl@aol.com,Bigender,12.245.160.74,Kia,Soul,2012
599,Maryjane,Barthod,mbarthodgm@furl.net,Polygender,71.174.26.142,Dodge,Ram Van 2500,1999
600,Fabiano,Strivens,fstrivensgn@imdb.com,Non-binary,78.241.144.146,Toyota,MR2,2003
601,Eyde,Gander,egandergo@webnode.com,Female,30.79.68.128,Chevrolet,Beretta,1995
602,Ned,Dallicott,ndallicottgp@cpanel.net,Genderfluid,134.114.163.77,Saturn,S-Series,1997
603,Cathee,Pluthero,cplutherogq@facebook.com,Female,181.94.250.137,Porsche,Panamera,2011
604,Terrell,Fellow,tfellowgr@pinterest.com,Bigender,45.146.147.220,Plymouth,Voyager,1992
605,Boothe,Lambrecht,blambrechtgs@sina.com.cn,Genderqueer,224.127.220.150,Mercedes-Benz,M-Class,2001
606,Merle,Bastock,mbastockgt@amazon.de,Agender,20.80.174.26,Lamborghini,Countach,1986
607,Xenia,Aleksic,xaleksicgu@sciencedaily.com,Male,200.109.79.209,Toyota,MR2,1994
608,Guthry,MacWilliam,gmacwilliamgv@1und1.de,Agender,54.37.106.0,Volvo,XC70,2005
609,Sonni,Seamans,sseamansgw@forbes.com,Agender,225.68.63.67,Bentley,Azure,2009
610,Charo,Scothern,cscotherngx@cbslocal.com,Non-binary,131.39.11.2,GMC,Envoy,2009
611,Idell,Stileman,istilemangy@yelp.com,Bigender,184.170.169.74,Chevrolet,2500,1992
612,Goldina,Jiggens,gjiggensgz@deliciousdays.com,Genderfluid,128.122.227.79,Ford,Escape,2001
613,Bert,Burnyeat,bburnyeath0@forbes.com,Genderfluid,106.41.155.90,Suzuki,XL-7,2003
614,Travus,Teulier,tteulierh1@blogs.com,Genderfluid,92.174.211.141,Honda,Odyssey,2005
615,Alberta,Grierson,agriersonh2@behance.net,Genderqueer,71.35.184.24,Nissan,Altima,2013
616,Lauree,Fraschetti,lfraschettih3@opera.com,Non-binary,151.117.3.0,Chevrolet,Corvette,1959
617,Vanda,Week,vweekh4@skype.com,Polygender,148.251.102.85,Isuzu,Rodeo,1997
618,Corby,Cage,ccageh5@businessweek.com,Genderqueer,95.40.14.173,Acura,TL,2012
619,Piper,Buffin,pbuffinh6@live.com,Agender,117.169.239.231,Porsche,911,1993
620,Langsdon,Legendre,llegendreh7@dagondesign.com,Non-binary,137.167.191.241,Chevrolet,Silverado 1500,2001
621,Payton,Duthie,pduthieh8@spiegel.de,Non-binary,23.167.173.236,Maybach,Landaulet,2010
622,Merell,Lawdham,mlawdhamh9@artisteer.com,Bigender,255.9.229.70,Nissan,Maxima,1993
623,Gerome,Napleton,gnapletonha@w3.org,Non-binary,167.51.250.156,Lincoln,Aviator,2003
624,Amber,Lathe,alathehb@indiegogo.com,Non-binary,14.135.221.53,Mazda,B-Series Plus,1995
625,Jodi,Hassard,jhassardhc@virginia.edu,Genderfluid,208.170.80.87,Isuzu,Rodeo,1994
626,Gwenni,Rego,gregohd@weebly.com,Male,18.249.231.95,Land Rover,Discovery,2010
627,Berenice,Bennet,bbennethe@cbslocal.com,Non-binary,245.147.117.203,Buick,Century,1984
628,Allan,Tetla,atetlahf@fda.gov,Agender,105.139.96.23,Acura,Integra,1996
629,Maribeth,Grzesiak,mgrzesiakhg@adobe.com,Bigender,27.174.185.235,Pontiac,Grand Prix,1984
630,Henderson,Vause,hvausehh@google.ru,Genderfluid,57.249.240.138,Pontiac,Trans Sport,1998
631,Esdras,Bramford,ebramfordhi@cyberchimps.com,Bigender,161.177.208.199,Volkswagen,Passat,1986
632,Camellia,Jorden,cjordenhj@yale.edu,Polygender,246.211.66.113,Geo,Prizm,1995
633,Nehemiah,Rennick,nrennickhk@google.es,Agender,47.13.86.54,MINI,Clubman,2011
634,Wren,Piscopello,wpiscopellohl@quantcast.com,Female,117.249.39.238,Chevrolet,Metro,1999
635,Ahmed,Trow,atrowhm@prlog.org,Bigender,102.17.100.81,Toyota,Supra,1992
636,Chicky,Coppens,ccoppenshn@freewebs.com,Female,64.49.20.147,GMC,3500,1995
637,Lester,Pluvier,lpluvierho@auda.org.au,Agender,108.137.104.43,Mercedes-Benz,400SEL,1993
638,Ole,Hastler,ohastlerhp@squidoo.com,Agender,102.76.180.24,GMC,Savana,2009
639,Ingelbert,Edmondson,iedmondsonhq@pinterest.com,Female,176.146.119.120,Cadillac,Seville,2002
640,Orelia,Elias,oeliashr@is.gd,Male,7.111.108.209,Saturn,S-Series,1996
641,Kristine,Preshous,kpreshoushs@techcrunch.com,Non-binary,67.156.187.57,Subaru,Impreza WRX,2010
642,Celene,Debow,cdebowht@disqus.com,Polygender,15.243.19.10,Mercedes-Benz,S-Class,2001
643,Rosabel,Cosely,rcoselyhu@diigo.com,Non-binary,223.161.29.168,Nissan,GT-R,2012
644,Cully,Sannes,csanneshv@smh.com.au,Polygender,18.246.117.54,Volkswagen,R32,2009
645,Maxy,Bantham,mbanthamhw@eepurl.com,Female,118.144.44.167,Chevrolet,Corvette,1968
646,Roseline,Idwal Evans,ridwalevanshx@pagesperso-orange.fr,Non-binary,247.33.23.164,Geo,Prizm,1993
647,Ariella,Christoforou,achristoforouhy@nhs.uk,Non-binary,31.48.220.181,GMC,Envoy XL,2004
648,Gennifer,Hansard,ghansardhz@usa.gov,Polygender,246.141.166.125,Infiniti,Q,2006
649,Malissia,Wimbush,mwimbushi0@salon.com,Female,43.53.176.132,Chevrolet,Silverado 1500,2009
650,Brucie,Roughey,brougheyi1@symantec.com,Female,5.128.186.146,Ford,Tempo,1985
651,Dacy,Toke,dtokei2@godaddy.com,Male,64.69.235.186,Subaru,Outback,2008
652,Kelley,McPhilip,kmcphilipi3@linkedin.com,Non-binary,3.163.228.43,Plymouth,Sundance,1993
653,Mannie,Chatten,mchatteni4@home.pl,Genderqueer,220.35.223.180,GMC,Sonoma Club Coupe,1994
654,Kalil,Meineking,kmeinekingi5@goodreads.com,Genderqueer,200.88.27.200,GMC,Sonoma,2003
655,Nona,Danis,ndanisi6@sun.com,Bigender,235.147.26.210,Jaguar,XK Series,2002
656,Fidelia,Erangey,ferangeyi7@howstuffworks.com,Genderfluid,240.24.225.175,Jeep,Grand Cherokee,1994
657,Dennie,Dowrey,ddowreyi8@ow.ly,Female,222.230.2.86,Mercedes-Benz,500SEL,1992
658,Klement,Stivens,kstivensi9@theatlantic.com,Male,76.218.233.191,Oldsmobile,Bravada,1994
659,Godwin,Firminger,gfirmingeria@cisco.com,Female,5.122.238.250,Pontiac,Grand Prix,1976
660,Reese,Zamudio,rzamudioib@cnet.com,Genderfluid,160.65.206.168,Mercedes-Benz,G55 AMG,2006
661,Georgette,Danilchev,gdanilchevic@squidoo.com,Non-binary,206.39.221.82,Ford,Edge,2011
662,Rora,Wickmann,rwickmannid@stanford.edu,Non-binary,35.39.102.183,Subaru,Outback,2000
663,Roley,Arington,raringtonie@scientificamerican.com,Bigender,88.15.28.11,GMC,Yukon,2008
664,Lianne,Aizikovitz,laizikovitzif@scribd.com,Female,72.164.207.245,Holden,VS Commodore,1997
665,Stormi,Ladell,sladellig@apache.org,Non-binary,5.141.80.72,Lotus,Esprit,2004
666,Troy,Manifield,tmanifieldih@themeforest.net,Polygender,88.246.112.49,Saturn,VUE,2009
667,Flemming,Tales,ftalesii@edublogs.org,Male,7.3.210.240,Toyota,RAV4,1997
668,Tory,Handscombe,thandscombeij@issuu.com,Male,4.243.102.93,Chevrolet,G-Series G30,1994
669,Winny,Waggitt,wwaggittik@simplemachines.org,Bigender,171.249.185.129,Mercedes-Benz,SLK-Class,2006
670,Hyacintha,Divall,hdivallil@nih.gov,Polygender,206.37.174.251,Mercury,Mariner,2005
671,Brig,Haste,bhasteim@google.ru,Non-binary,194.57.64.53,BMW,Z4,2006
672,Nappie,Galliard,ngalliardin@rambler.ru,Polygender,240.58.182.101,Mazda,MX-6,1991
673,Boote,McNelly,bmcnellyio@theatlantic.com,Bigender,58.206.197.125,Jaguar,S-Type,2001
674,Ryun,Sturdey,rsturdeyip@seesaa.net,Female,149.178.247.2,Saturn,S-Series,1996
675,Dolorita,Petroselli,dpetroselliiq@usnews.com,Female,225.175.44.159,Chrysler,PT Cruiser,2002
676,Lucina,Bedlington,lbedlingtonir@yandex.ru,Genderqueer,43.162.126.126,Mitsubishi,Tredia,1987
677,Mayer,Aveling,mavelingis@slate.com,Male,228.183.171.41,Chevrolet,Equinox,2012
678,Baily,Burk,bburkit@fda.gov,Polygender,102.255.27.202,Lincoln,MKX,2010
679,Elwyn,Domaschke,edomaschkeiu@freewebs.com,Agender,0.193.189.255,Mitsubishi,GTO,1992
680,Jorgan,Lube,jlubeiv@angelfire.com,Non-binary,63.59.189.124,Ford,Thunderbird,1990
681,Bernetta,Grimsditch,bgrimsditchiw@newyorker.com,Genderfluid,77.43.109.2,BMW,3 Series,2003
682,Lorrin,Bloss,lblossix@umn.edu,Non-binary,37.232.63.77,BMW,5 Series,2004
683,Alexander,McGunley,amcgunleyiy@is.gd,Female,194.198.77.97,Subaru,Outback,2012
684,Jammie,Watting,jwattingiz@blog.com,Non-binary,49.96.133.126,Jeep,Wrangler,1994
685,Kerstin,Wenn,kwennj0@scribd.com,Non-binary,162.21.70.94,Daewoo,Lanos,2002
686,Grannie,Ewan,gewanj1@springer.com,Non-binary,84.122.214.216,Audi,A5,2011
687,Reinwald,Hedworth,rhedworthj2@indiatimes.com,Polygender,204.238.251.47,Lexus,ES,1997
688,Leigh,Pippard,lpippardj3@mozilla.org,Genderfluid,204.147.176.63,Dodge,Caravan,2003
689,Dorri,Bloodworth,dbloodworthj4@cocolog-nifty.com,Non-binary,5.85.226.47,Mercury,Cougar,1997
690,Adella,Pasek,apasekj5@google.com.au,Bigender,171.80.33.125,Mercury,Mystique,2000
691,Ronny,Manders,rmandersj6@senate.gov,Female,34.233.29.131,Toyota,Tercel,1998
692,Hamilton,Parffrey,hparffreyj7@vimeo.com,Agender,43.23.90.172,Buick,LeSabre,1997
693,Dolly,Ripping,drippingj8@intel.com,Agender,69.233.171.210,Kia,Rio,2004
694,Reagen,Felstead,rfelsteadj9@sun.com,Female,172.70.171.68,Lexus,GS,2010
695,Quintilla,Towlson,qtowlsonja@uol.com.br,Female,155.39.113.202,Cadillac,SRX,2010
696,Ailbert,Wheelband,awheelbandjb@woothemes.com,Non-binary,75.190.104.103,Saab,9-3,2008
697,Ermanno,Lafrentz,elafrentzjc@ted.com,Agender,15.108.150.239,Land Rover,Range Rover Sport,2011
698,Lin,Fahy,lfahyjd@merriam-webster.com,Genderfluid,27.151.66.160,Lincoln,Navigator L,2008
699,Perry,MacAndreis,pmacandreisje@indiegogo.com,Female,14.195.227.137,Dodge,Caravan,2008
700,Bordie,Devote,bdevotejf@alibaba.com,Agender,181.170.171.228,Daewoo,Leganza,2001
701,Florie,Wasmuth,fwasmuthjg@mayoclinic.com,Bigender,252.195.183.29,Lexus,LS,2011
702,Melisandra,Bienvenu,mbienvenujh@163.com,Polygender,148.156.147.109,Lamborghini,Diablo,1996
703,Donni,Bridgens,dbridgensji@jugem.jp,Agender,45.230.232.125,Toyota,Sequoia,2011
704,Rhea,Grime,rgrimejj@forbes.com,Bigender,107.197.55.91,GMC,Savana 1500,2002
705,Norton,Klos,nklosjk@bravesites.com,Agender,48.3.215.30,Ford,E-Series,2001
706,Augusta,Hellicar,ahellicarjl@feedburner.com,Non-binary,91.234.46.119,Oldsmobile,Silhouette,1994
707,Derron,Shorto,dshortojm@mapy.cz,Bigender,185.182.108.68,Kia,Rondo,2008
708,Layne,Zimmermeister,lzimmermeisterjn@parallels.com,Male,91.0.184.221,Infiniti,J,1995
709,Meta,Yerborn,myerbornjo@sitemeter.com,Female,238.204.68.231,Volkswagen,Cabriolet,1993
710,Ursula,Gradon,ugradonjp@facebook.com,Polygender,171.185.228.223,Plymouth,Neon,1996
711,Scarface,Dendle,sdendlejq@nationalgeographic.com,Genderfluid,183.187.20.204,Dodge,Intrepid,2004
712,Cathleen,Pedrocco,cpedroccojr@omniture.com,Bigender,89.212.51.30,Chevrolet,Colorado,2011
713,Birgitta,Cromleholme,bcromleholmejs@cloudflare.com,Female,114.118.71.42,BMW,7 Series,2010
714,Frederica,Stibbs,fstibbsjt@hubpages.com,Bigender,46.186.70.137,Isuzu,Rodeo,1999
715,Merell,Shurlock,mshurlockju@ocn.ne.jp,Agender,22.58.212.110,Ford,Mustang,2003
716,Chandler,Baumadier,cbaumadierjv@com.com,Male,250.29.73.125,Ford,Econoline E250,1997
717,Jeff,Botly,jbotlyjw@addtoany.com,Female,10.65.129.104,Chrysler,New Yorker,1996
718,Marshall,Dufaur,mdufaurjx@omniture.com,Agender,43.131.120.171,Audi,riolet,1997
719,Welbie,Cracker,wcrackerjy@jigsy.com,Male,112.48.10.59,Dodge,Ram 3500,2006
720,Dayna,Consadine,dconsadinejz@biglobe.ne.jp,Non-binary,41.30.58.147,Mercury,Sable,1997
721,Amalie,Rubie,arubiek0@deliciousdays.com,Genderqueer,56.49.152.89,Mazda,CX-9,2007
722,Ulric,Tweddle,utweddlek1@statcounter.com,Bigender,244.250.2.61,Ford,Thunderbird,1989
723,Free,Ellsbury,fellsburyk2@columbia.edu,Bigender,200.76.51.52,Mazda,CX-9,2012
724,Chan,Cradey,ccradeyk3@smugmug.com,Bigender,31.89.110.132,Buick,Riviera,1996
725,Marabel,Hardie,mhardiek4@bing.com,Bigender,107.36.76.50,Mitsubishi,Mirage,1990
726,Baron,Antonijevic,bantonijevick5@msn.com,Bigender,244.241.191.248,Chevrolet,Tahoe,1998
727,Othella,Klaes,oklaesk6@bluehost.com,Agender,149.244.140.97,Mazda,Mazdaspeed 3,2011
728,Mathe,Lynes,mlynesk7@xing.com,Genderfluid,148.100.232.117,Ford,F150,2009
729,Matthiew,Danielczyk,mdanielczykk8@lulu.com,Male,235.117.72.73,Volkswagen,Touareg,2004
730,Stu,Plose,splosek9@webmd.com,Agender,202.69.90.189,Acura,TSX,2012
731,Iris,Ballam,iballamka@nba.com,Male,160.33.32.27,Dodge,Ram 2500,1999
732,Aleen,Dugald,adugaldkb@guardian.co.uk,Genderqueer,34.196.190.255,Jaguar,X-Type,2004
733,Filmore,Lindemann,flindemannkc@mail.ru,Female,211.159.184.76,BMW,7 Series,1998
734,Nike,Congdon,ncongdonkd@bing.com,Agender,65.179.6.212,Geo,Tracker,1992
735,Gennifer,Del Monte,gdelmonteke@amazonaws.com,Bigender,25.164.46.46,Acura,TL,1995
736,Morty,Conigsby,mconigsbykf@usatoday.com,Polygender,175.209.46.21,Jeep,Wrangler,1993
737,Dyana,Blankenship,dblankenshipkg@sourceforge.net,Male,176.226.177.13,Hyundai,Tiburon,2008
738,Waite,Brewis,wbrewiskh@bloglovin.com,Polygender,197.95.133.237,Plymouth,Laser,1992
739,Jakob,Rearden,jreardenki@hibu.com,Bigender,248.116.210.66,Lexus,SC,1997
740,Judas,Guerri,jguerrikj@twitter.com,Genderqueer,24.133.18.177,Honda,Civic,2012
741,Shanna,Minget,smingetkk@bbb.org,Non-binary,151.190.172.22,Mercedes-Benz,G-Class,2005
742,Pincas,Sheach,psheachkl@drupal.org,Genderqueer,98.151.178.178,Chrysler,Town & Country,2000
743,Janel,De Benedictis,jdebenedictiskm@github.com,Male,6.222.228.185,Mitsubishi,Montero,2004
744,Roddie,Hatchette,rhatchettekn@geocities.com,Non-binary,119.60.56.110,Mazda,CX-7,2007
745,Hughie,Bridie,hbridieko@amazonaws.com,Non-binary,88.61.212.59,Oldsmobile,Silhouette,2003
746,Irvin,Latter,ilatterkp@netscape.com,Female,233.20.24.9,Audi,S5,2011
747,Chico,Lille,clillekq@mit.edu,Genderfluid,113.185.219.92,BMW,330,2006
748,Peggie,Gerrill,pgerrillkr@ibm.com,Non-binary,107.192.215.156,Acura,RDX,2011
749,Pru,McCready,pmccreadyks@i2i.jp,Female,230.126.215.81,Chevrolet,Corvette,2004
750,Jaclyn,Dominetti,jdominettikt@hubpages.com,Female,202.72.98.225,Aston Martin,Virage,2012
751,Tessi,Pepperell,tpepperellku@tripadvisor.com,Female,80.71.62.221,Chevrolet,Camaro,1970
752,Milicent,Benjamin,mbenjaminkv@163.com,Female,152.69.67.109,Volvo,XC90,2008
753,Perrine,Oatley,poatleykw@yahoo.com,Genderfluid,127.194.185.7,Lexus,RX,2007
754,Luciano,Hallaways,lhallawayskx@time.com,Agender,202.223.45.69,Nissan,Maxima,1993
755,Lorrayne,Barkus,lbarkusky@webmd.com,Non-binary,38.44.74.1,Dodge,Ram 1500,1997
756,Kale,Astill,kastillkz@bigcartel.com,Male,155.119.220.31,Subaru,Legacy,1998
757,Roberto,McConnell,rmcconnelll0@ebay.co.uk,Non-binary,42.51.28.154,Dodge,Ram,2010
758,Bartholomew,Daintree,bdaintreel1@gravatar.com,Genderqueer,175.197.128.225,Mitsubishi,Raider,2008
759,Kin,Wicklen,kwicklenl2@plala.or.jp,Non-binary,27.94.230.109,Hyundai,HED-5,2012
760,Jdavie,Danielovitch,jdanielovitchl3@cmu.edu,Genderqueer,159.66.243.13,Mitsubishi,RVR,1994
761,Holly,McKirton,hmckirtonl4@bbb.org,Genderqueer,112.144.4.22,Geo,Metro,1997
762,Darell,Troth,dtrothl5@blogtalkradio.com,Genderqueer,46.81.3.8,Suzuki,Swift,2005
763,Dalton,Burrell,dburrelll6@ning.com,Genderfluid,7.120.52.211,Volvo,S80,2009
764,Alicia,Polle,apollel7@bigcartel.com,Bigender,135.49.175.201,Rambler,Classic,1963
765,Barbabra,Shalloe,bshalloel8@dropbox.com,Genderqueer,253.20.151.177,Maserati,Quattroporte,1985
766,Michele,Velti,mveltil9@yale.edu,Bigender,37.115.104.20,Chevrolet,Camaro,1982
767,Betsey,Solon,bsolonla@wikispaces.com,Female,124.195.5.170,Ford,Edge,2007
768,Cecil,Haverty,chavertylb@is.gd,Polygender,184.74.128.233,Plymouth,Voyager,1985
769,Karrie,Flory,kflorylc@marketwatch.com,Genderqueer,123.161.255.145,Mazda,CX-9,2008
770,Zandra,Julien,zjulienld@wikipedia.org,Genderfluid,125.245.74.51,Lotus,Esprit,2004
771,Yehudit,Hayley,yhayleyle@github.io,Genderqueer,120.101.115.141,Eagle,Summit,1994
772,Alec,Bonnier,abonnierlf@hc360.com,Agender,7.32.225.234,Bentley,Continental GTC,2011
773,Whitney,Burnhard,wburnhardlg@slideshare.net,Genderfluid,206.147.168.202,Pontiac,Bonneville,1965
774,Lauryn,Whistlecroft,lwhistlecroftlh@newyorker.com,Polygender,206.217.56.219,Lotus,Esprit,2004
775,Cecil,Nuemann,cnuemannli@people.com.cn,Genderfluid,78.231.139.239,Suzuki,Aerio,2004
776,Cecilius,Iacobetto,ciacobettolj@wikia.com,Polygender,210.98.4.203,Buick,Electra,1989
777,Tonya,Spinozzi,tspinozzilk@washingtonpost.com,Agender,135.71.188.254,Pontiac,Montana,2000
778,Joe,Beckenham,jbeckenhamll@facebook.com,Polygender,74.46.202.81,GMC,Yukon XL 1500,2007
779,Ardelle,McLagain,amclagainlm@unicef.org,Non-binary,91.108.75.210,Chevrolet,Astro,1999
780,Callean,Cordeau],ccordeauln@intel.com,Bigender,3.103.131.42,Jeep,Patriot,2010
781,Chancey,Eriksson,cerikssonlo@tiny.cc,Male,35.52.233.125,Volkswagen,Passat,2012
782,Duffie,Leward,dlewardlp@who.int,Polygender,191.139.70.5,Porsche,944,1990
783,Adelaide,Rosenauer,arosenauerlq@phoca.cz,Genderfluid,121.11.130.182,BMW,6 Series,2009
784,Cornelle,Clipsham,cclipshamlr@blogs.com,Bigender,238.179.226.28,Lotus,Esprit,1988
785,Flynn,O'Dulchonta,fodulchontals@mysql.com,Female,215.192.238.233,Cadillac,Escalade EXT,2010
786,Angele,Erni,aernilt@google.ru,Male,244.109.61.89,Acura,RDX,2011
787,Kippie,Audas,kaudaslu@usa.gov,Genderfluid,134.3.183.208,Hyundai,Elantra,2013
788,Lewiss,Wymer,lwymerlv@nyu.edu,Genderfluid,46.203.51.65,Toyota,Highlander,2001
789,Ailina,Pepperell,apepperelllw@wikia.com,Genderfluid,250.98.229.151,Pontiac,Montana SV6,2005
790,Cortney,Mc Combe,cmccombelx@freewebs.com,Non-binary,241.125.143.120,Mercedes-Benz,GLK-Class,2012
791,Ewen,Perle,eperlely@prweb.com,Non-binary,192.216.59.189,Corbin,Sparrow,2004
792,Carroll,Hembery,chemberylz@ezinearticles.com,Agender,240.145.210.223,Land Rover,Freelander,2005
793,Erminie,Maunsell,emaunsellm0@lycos.com,Polygender,105.111.220.23,Land Rover,Defender,1992
794,Waylan,Franceschi,wfranceschim1@netvibes.com,Female,152.235.213.23,Buick,Park Avenue,2002
795,Manon,Stocky,mstockym2@umich.edu,Polygender,169.63.128.34,Mercury,Grand Marquis,1991
796,Skipper,Blackston,sblackstonm3@sitemeter.com,Female,46.119.134.11,Audi,A4,2004
797,Bekki,d' Eye,bdeyem4@google.de,Genderqueer,154.42.37.220,GMC,3500 Club Coupe,1995
798,Chryste,Swatheridge,cswatheridgem5@spiegel.de,Bigender,169.150.53.207,Lamborghini,Countach,1986
799,Bili,Catonnet,bcatonnetm6@rambler.ru,Bigender,80.211.155.178,Ford,ZX2,2003
800,Starlene,Sauvain,ssauvainm7@sogou.com,Female,43.174.163.13,Lexus,RX,2000
801,Horatia,Baynton,hbayntonm8@surveymonkey.com,Male,135.114.238.182,GMC,Yukon XL,2006
802,Averyl,Dumbar,adumbarm9@yellowpages.com,Bigender,42.65.130.173,Hyundai,Santa Fe,2004
803,Staford,Fuente,sfuentema@infoseek.co.jp,Agender,44.133.7.255,Pontiac,G6,2007
804,Erhart,Mitroshinov,emitroshinovmb@livejournal.com,Genderqueer,5.205.206.186,Mercury,Mountaineer,2006
805,Eilis,Camplen,ecamplenmc@mysql.com,Genderfluid,111.247.150.64,GMC,Yukon XL 1500,2007
806,Kameko,Dulson,kdulsonmd@yolasite.com,Genderfluid,89.141.226.38,Hyundai,Accent,2007
807,Sophia,Dagwell,sdagwellme@merriam-webster.com,Genderfluid,186.123.121.217,Pontiac,Aztek,2003
808,Ashby,Wicher,awichermf@unesco.org,Genderqueer,35.144.95.63,Lexus,ES,2001
809,Kristen,Da Costa,kdacostamg@symantec.com,Polygender,237.214.105.214,Subaru,B9 Tribeca,2007
810,Philomena,Presswell,ppresswellmh@blogger.com,Bigender,111.95.175.25,Dodge,Ram Van 2500,1998
811,Milli,Mapletoft,mmapletoftmi@aol.com,Genderfluid,92.218.193.59,Mazda,Familia,1992
812,Briana,Bower,bbowermj@theglobeandmail.com,Bigender,198.128.2.134,Volkswagen,GTI,2000
813,Boyce,Faustin,bfaustinmk@discuz.net,Female,197.161.231.144,Honda,Civic,1997
814,Fredek,Lant,flantml@deliciousdays.com,Non-binary,58.76.164.155,Pontiac,Sunfire,1996
815,Malinde,Simmonds,msimmondsmm@google.com.au,Polygender,177.129.180.239,Buick,Skylark,1991
816,Giffie,Langman,glangmanmn@dell.com,Polygender,89.24.219.186,Oldsmobile,88,1992
817,Magdalene,Seedhouse,mseedhousemo@bing.com,Non-binary,43.117.179.232,Ford,Lightning,1994
818,Georgeanna,Mitkov,gmitkovmp@goodreads.com,Male,95.97.122.93,Ford,Econoline E150,1995
819,Hamnet,Weyland,hweylandmq@unesco.org,Female,227.224.243.145,Mercedes-Benz,C-Class,1998
820,Michele,Buscombe,mbuscombemr@mayoclinic.com,Genderfluid,205.61.98.164,Jeep,Wrangler,1994
821,Erich,Sundin,esundinms@booking.com,Genderfluid,170.154.13.12,Mercedes-Benz,CLS-Class,2010
822,Taber,Greene,tgreenemt@geocities.com,Agender,122.223.90.108,Bentley,Continental,2011
823,Elita,Haimes,ehaimesmu@freewebs.com,Polygender,93.74.218.147,MINI,Cooper Clubman,2008
824,Bartholomeo,Rye,bryemv@joomla.org,Genderfluid,201.94.1.113,Subaru,Legacy,2002
825,Ode,Sextone,osextonemw@cisco.com,Bigender,210.66.176.47,Honda,Element,2004
826,Latrena,Lambert,llambertmx@timesonline.co.uk,Agender,150.187.80.14,Dodge,D250 Club,1992
827,Selinda,Le Gall,slegallmy@booking.com,Male,11.190.249.198,Pontiac,Parisienne,1984
828,Tybi,De Cruz,tdecruzmz@purevolume.com,Polygender,77.43.246.82,Toyota,Previa,1995
829,Malorie,Kingerby,mkingerbyn0@cloudflare.com,Genderfluid,142.132.162.13,Saturn,S-Series,1997
830,Ray,Kingscott,rkingscottn1@cnn.com,Genderqueer,120.162.107.45,Lexus,IS F,2010
831,Kelvin,Strothers,kstrothersn2@mashable.com,Bigender,235.37.232.230,Mitsubishi,GTO,1996
832,Carl,Clackers,cclackersn3@gnu.org,Agender,61.232.115.226,Toyota,Matrix,2004
833,Cherin,Leacock,cleacockn4@ovh.net,Female,104.15.148.115,Kia,Sedona,2006
834,Jamie,Fevier,jfeviern5@ftc.gov,Female,201.236.61.81,Toyota,Avalon,1996
835,Ardelia,Langthorne,alangthornen6@jimdo.com,Bigender,222.59.76.253,Mazda,Miata MX-5,1997
836,Whitney,Chaudron,wchaudronn7@free.fr,Male,143.191.31.149,BMW,M5,2009
837,Tory,Jukubczak,tjukubczakn8@yellowbook.com,Polygender,185.170.250.153,Lexus,RX,2004
838,Darbee,Jeannet,djeannetn9@discovery.com,Female,95.251.200.38,Holden,VS Commodore,1995
839,Arluene,Epdell,aepdellna@about.me,Genderqueer,63.69.44.122,Saturn,VUE,2009
840,Leta,Mathys,lmathysnb@cnn.com,Bigender,211.233.145.216,Volkswagen,Routan,2011
841,Keelia,Brownsea,kbrownseanc@globo.com,Agender,202.17.70.110,Ford,Taurus,2006
842,Sianna,Swannack,sswannacknd@webnode.com,Genderqueer,194.241.163.24,Ford,F250,2003
843,Angeli,Curedell,acuredellne@cdc.gov,Male,110.35.155.88,Mitsubishi,Eclipse,1996
844,Ulric,Guilloux,uguillouxnf@elegantthemes.com,Polygender,243.221.113.84,Mercury,Tracer,1988
845,Kerry,Thorowgood,kthorowgoodng@1und1.de,Genderqueer,194.41.218.169,Pontiac,LeMans,1968
846,Boothe,Drakeley,bdrakeleynh@photobucket.com,Male,198.126.244.28,Pontiac,Grand Am,2002
847,Reeta,McTague,rmctagueni@meetup.com,Bigender,50.208.253.223,Honda,CR-V,2000
848,Bearnard,Fulger,bfulgernj@g.co,Non-binary,210.157.220.101,Dodge,Ram,2009
849,Leonanie,Slimm,lslimmnk@ow.ly,Genderfluid,41.236.241.168,Dodge,Ram Van 1500,1997
850,Mahala,Emsden,memsdennl@virginia.edu,Bigender,203.80.219.110,GMC,Envoy,2006
851,Tandie,Elstone,telstonenm@biglobe.ne.jp,Male,149.35.68.249,Kia,Sportage,2010
852,Marcus,Hodgen,mhodgennn@yellowpages.com,Male,203.29.35.221,Chevrolet,Monte Carlo,1973
853,Dewey,Markovich,dmarkovichno@vistaprint.com,Bigender,185.171.39.29,BMW,525,2003
854,Felecia,Lowy,flowynp@lycos.com,Agender,204.7.253.84,Nissan,350Z,2003
855,Janela,Elsmere,jelsmerenq@google.pl,Agender,252.18.82.17,Chevrolet,Impala,2002
856,Pia,Renals,prenalsnr@apple.com,Bigender,15.6.19.89,Ford,Aerostar,1988
857,Kathye,Beevers,kbeeversns@friendfeed.com,Non-binary,102.169.200.193,Ford,Expedition,2003
858,Bryce,Hoyes,bhoyesnt@discovery.com,Bigender,88.173.229.254,BMW,Z3,1997
859,Jade,Grima,jgrimanu@intel.com,Male,223.109.249.234,Toyota,Previa,1993
860,Zeke,Lecointe,zlecointenv@cnbc.com,Polygender,194.148.253.17,Subaru,Loyale,1991
861,Caterina,Aingell,caingellnw@irs.gov,Male,73.92.67.136,Pontiac,Vibe,2004
862,Sherie,Sylvester,ssylvesternx@opera.com,Polygender,91.29.39.168,GMC,Envoy,2009
863,Terrance,Rosenau,trosenauny@globo.com,Female,215.60.62.63,Nissan,Sentra,2006
864,Penelope,Coping,pcopingnz@pbs.org,Female,48.200.123.238,Hyundai,Accent,1998
865,Robinia,Braddon,rbraddono0@naver.com,Male,84.148.44.106,Dodge,Ram,1994
866,Daffie,Wingar,dwingaro1@google.com,Female,10.227.124.239,Ford,E250,2006
867,Lucretia,Deeson,ldeesono2@home.pl,Female,69.28.55.217,Lincoln,MKS,2010
868,Iona,Chaise,ichaiseo3@samsung.com,Genderfluid,30.115.106.3,Volkswagen,Golf,1999
869,Shepherd,Lott,slotto4@webs.com,Bigender,195.95.235.14,GMC,Savana 1500,2003
870,Katharyn,Blaszczak,kblaszczako5@ameblo.jp,Female,6.48.237.129,BMW,X5,2010
871,Harrison,Lazenbury,hlazenburyo6@tinyurl.com,Genderfluid,146.217.48.134,Ford,Econoline E150,2000
872,Jeri,Felipe,jfelipeo7@live.com,Genderfluid,59.186.63.17,Maybach,57,2008
873,Derron,Casacchia,dcasacchiao8@tamu.edu,Polygender,51.32.170.73,Kia,Sephia,2000
874,Joey,Rosenau,jrosenauo9@gmpg.org,Male,243.56.195.224,Saab,9-3,2009
875,Valle,Rowet,vrowetoa@weebly.com,Genderqueer,24.233.81.113,Infiniti,M,2010
876,Wes,Ovington,wovingtonob@bandcamp.com,Genderfluid,59.163.239.129,Nissan,300ZX,1991
877,Jennica,Ferschke,jferschkeoc@amazon.com,Non-binary,128.32.11.124,GMC,Sierra,2008
878,Beulah,Giacobbo,bgiacobbood@1und1.de,Non-binary,159.183.140.245,Audi,RS6,2003
879,Cris,Wylie,cwylieoe@imageshack.us,Male,69.188.41.53,Porsche,928,1991
880,Domingo,Curlis,dcurlisof@nationalgeographic.com,Non-binary,188.175.128.133,Chevrolet,Traverse,2012
881,Lottie,Rutland,lrutlandog@sitemeter.com,Bigender,137.46.161.56,BMW,7 Series,2008
882,Gnni,Cianelli,gcianellioh@about.me,Genderfluid,21.202.185.240,Volkswagen,GTI,2006
883,Doro,Kubasiewicz,dkubasiewiczoi@ovh.net,Male,74.218.111.113,Volvo,940,1995
884,Jess,Riddich,jriddichoj@shareasale.com,Polygender,14.227.176.230,BMW,X3,2005
885,Alberto,Tallowin,atallowinok@mit.edu,Polygender,36.57.195.18,Cadillac,CTS,2012
886,Andy,Ege,aegeol@naver.com,Female,72.254.176.195,GMC,Savana 1500,2004
887,Brian,Willishire,bwillishireom@smh.com.au,Female,109.14.119.93,GMC,Envoy,2002
888,Dale,Haselup,dhaselupon@drupal.org,Agender,85.28.33.205,Pontiac,Sunbird,1984
889,Hastings,Eslinger,heslingeroo@boston.com,Polygender,247.104.42.13,GMC,Envoy XL,2003
890,Rand,Tixall,rtixallop@bbc.co.uk,Agender,80.211.134.164,Ford,Escort,1986
891,Morrie,Jacquemet,mjacquemetoq@goo.ne.jp,Genderfluid,211.248.157.177,Toyota,Avalon,2009
892,Salvador,Vear,svearor@unesco.org,Female,250.34.191.72,Pontiac,Grand Prix,1992
893,Mandie,Mowen,mmowenos@indiegogo.com,Bigender,232.17.98.61,Chevrolet,Sportvan G30,1992
894,Niall,Salerg,nsalergot@wisc.edu,Agender,44.123.123.140,Ford,F150,1999
895,Guntar,Lansley,glansleyou@php.net,Agender,144.55.47.238,GMC,Suburban 2500,1999
896,Brandy,Scholefield,bscholefieldov@google.pl,Genderfluid,143.241.255.251,Pontiac,GTO,1971
897,Alexi,Romaynes,aromaynesow@cdc.gov,Polygender,150.57.126.248,Volvo,V70,2005
898,Scarlet,Bolitho,sbolithoox@java.com,Non-binary,230.39.231.184,Chevrolet,Express 1500,2012
899,Kinna,Race,kraceoy@stumbleupon.com,Agender,72.195.8.120,Volkswagen,Routan,2011
900,Jessica,Mercer,jmerceroz@myspace.com,Genderfluid,128.250.239.240,Chevrolet,Suburban 2500,2006
901,Griselda,Iacobini,giacobinip0@webeden.co.uk,Genderqueer,234.142.212.74,Volvo,S60,2003
902,Michael,Avrahamof,mavrahamofp1@godaddy.com,Genderqueer,200.137.189.204,Infiniti,G,1999
903,Sabrina,Jillings,sjillingsp2@ucsd.edu,Polygender,247.179.169.195,Mazda,323,1992
904,Patti,Mumm,pmummp3@gravatar.com,Agender,224.92.170.220,Oldsmobile,Toronado,1992
905,Caterina,Brazelton,cbrazeltonp4@soundcloud.com,Genderqueer,0.110.238.72,Nissan,Frontier,1998
906,Gayler,Chavey,gchaveyp5@slate.com,Agender,121.12.54.96,Oldsmobile,Cutlass,1998
907,Stace,Conlon,sconlonp6@ning.com,Female,186.3.90.100,Lincoln,MKT,2010
908,Mark,Hufton,mhuftonp7@senate.gov,Genderqueer,174.40.68.0,Nissan,Versa,2007
909,Park,Sharrard,psharrardp8@auda.org.au,Polygender,138.40.175.43,Fiat,500,2012
910,Artemis,Kassman,akassmanp9@skyrock.com,Bigender,73.228.151.254,GMC,Savana 1500,2011
911,Beauregard,Motto,bmottopa@woothemes.com,Male,20.203.23.41,Ford,Escort,1985
912,Auberta,Tupp,atupppb@skype.com,Genderfluid,22.84.85.120,GMC,Canyon,2007
913,Sampson,Donnachie,sdonnachiepc@slideshare.net,Genderqueer,50.59.234.55,Isuzu,Rodeo Sport,2003
914,Roobbie,Pochet,rpochetpd@vkontakte.ru,Genderqueer,52.174.113.112,Saturn,Astra,2009
915,Arne,Mellows,amellowspe@unicef.org,Genderqueer,129.17.161.246,Kia,Sorento,2013
916,Imogene,Lorentz,ilorentzpf@unc.edu,Polygender,122.249.91.97,Dodge,Avenger,1999
917,Shandee,Kubicki,skubickipg@tinyurl.com,Non-binary,168.134.95.70,Saturn,Relay,2005
918,Cher,Switzer,cswitzerph@tumblr.com,Agender,178.204.94.8,Ford,LTD Crown Victoria,1991
919,Olly,Minchenton,ominchentonpi@irs.gov,Genderqueer,77.207.221.123,Infiniti,M,2012
920,Cheston,Gabb,cgabbpj@nationalgeographic.com,Polygender,190.4.104.97,BMW,X5,2001
921,Tessy,Dorset,tdorsetpk@istockphoto.com,Female,230.115.202.101,Volkswagen,GLI,2009
922,Barnie,Pauler,bpaulerpl@soundcloud.com,Male,89.180.214.166,Ford,Taurus,2000
923,Issi,Blaydon,iblaydonpm@e-recht24.de,Female,8.244.91.158,Mitsubishi,Lancer Evolution,2011
924,Craggie,Havers,chaverspn@geocities.com,Genderfluid,185.214.135.122,Maybach,Landaulet,2012
925,Hort,Manthroppe,hmanthroppepo@sakura.ne.jp,Male,203.85.135.93,Mercedes-Benz,S-Class,1986
926,Cozmo,Yglesia,cyglesiapp@artisteer.com,Polygender,122.166.170.130,Chevrolet,Blazer,1997
927,Diannne,Petasch,dpetaschpq@prweb.com,Male,178.157.137.37,Dodge,Ram Van 2500,2001
928,Ollie,Byrcher,obyrcherpr@ask.com,Genderqueer,63.187.191.169,Subaru,Forester,2003
929,Amelia,Craggs,acraggsps@cnbc.com,Genderqueer,107.145.140.36,Saab,9-3,2009
930,Matthiew,Baldick,mbaldickpt@irs.gov,Non-binary,89.30.176.26,Mercedes-Benz,G-Class,2009
931,Riordan,Rossant,rrossantpu@discovery.com,Agender,187.148.62.209,Chevrolet,G-Series 2500,1996
932,Corbin,Clouston,ccloustonpv@twitter.com,Agender,28.3.190.195,Toyota,Supra,1994
933,Alister,Leyzell,aleyzellpw@e-recht24.de,Genderfluid,11.50.137.61,Bentley,Continental GTC,2007
934,Javier,Grane,jgranepx@hhs.gov,Agender,243.248.157.223,Toyota,Tercel,1992
935,Melisse,Furlong,mfurlongpy@psu.edu,Genderfluid,64.67.101.92,Lexus,LX,2009
936,Heinrik,Hathwood,hhathwoodpz@reddit.com,Non-binary,51.251.95.123,Mercury,Cougar,1989
937,Yanaton,Cornfoot,ycornfootq0@utexas.edu,Polygender,202.225.43.169,Subaru,Outback,2006
938,Ivor,Lawlings,ilawlingsq1@canalblog.com,Genderqueer,84.225.115.84,Toyota,Previa,1992
939,Teddie,Franzen,tfranzenq2@google.it,Polygender,232.87.90.64,Mazda,B-Series,2005
940,Bliss,Skedge,bskedgeq3@studiopress.com,Non-binary,135.252.45.249,Chevrolet,Express 1500,1999
941,Glynn,Rapi,grapiq4@freewebs.com,Genderqueer,199.82.229.139,BMW,7 Series,2007
942,Antonietta,Nequest,anequestq5@seesaa.net,Female,10.29.192.82,Jaguar,S-Type,2008
943,Dolly,Sollis,dsollisq6@yandex.ru,Male,7.48.76.236,Cadillac,Escalade,2004
944,Hildagard,Murney,hmurneyq7@newsvine.com,Non-binary,79.20.133.181,Chevrolet,Malibu,2002
945,Carin,Elvins,celvinsq8@ycombinator.com,Female,182.158.208.151,Toyota,Echo,2001
946,Lorilyn,Chastang,lchastangq9@cbsnews.com,Bigender,80.197.41.77,Dodge,Magnum,2007
947,Lorette,Grzegorczyk,lgrzegorczykqa@hostgator.com,Agender,191.130.76.250,Buick,Century,1984
948,Irina,Doelle,idoelleqb@wordpress.org,Male,97.162.156.4,Holden,VS Commodore,1997
949,Joye,Harverson,jharversonqc@de.vu,Polygender,170.230.65.252,Mazda,Tribute,2005
950,Genvieve,Gurley,ggurleyqd@fotki.com,Genderfluid,172.156.223.128,Toyota,Highlander Hybrid,2007
951,Logan,Fahrenbacher,lfahrenbacherqe@howstuffworks.com,Male,201.158.27.84,Daewoo,Lanos,2002
952,Gayle,Khristoforov,gkhristoforovqf@phoca.cz,Female,213.1.114.32,Mitsubishi,Galant,2005
953,Florri,Coda,fcodaqg@sogou.com,Female,190.38.6.244,Mercedes-Benz,CLS-Class,2006
954,Barrett,Abrams,babramsqh@nationalgeographic.com,Polygender,80.187.176.155,BMW,325,2005
955,Rachelle,Fearne,rfearneqi@ehow.com,Polygender,79.195.243.190,Chevrolet,Corvette,1988
956,Ibby,Jarrad,ijarradqj@prweb.com,Genderqueer,119.5.154.207,Chrysler,300M,2000
957,Lavinie,Convery,lconveryqk@hud.gov,Bigender,142.65.232.245,Nissan,Armada,2012
958,Quintilla,Gaythorpe,qgaythorpeql@pcworld.com,Genderfluid,177.223.192.30,GMC,Safari,1996
959,Laurel,Morlon,lmorlonqm@marketwatch.com,Agender,251.23.189.105,Honda,Odyssey,2009
960,Misha,Worcester,mworcesterqn@yahoo.co.jp,Bigender,85.44.52.164,Chevrolet,Astro,1995
961,Deb,Adrienne,dadrienneqo@t.co,Female,187.108.206.199,Mazda,MX-6,1996
962,Kristoforo,Balducci,kbalducciqp@flavors.me,Female,241.122.113.197,Ford,Econoline E250,1999
963,Lacie,Shillam,lshillamqq@ehow.com,Non-binary,123.174.206.222,Nissan,Quest,2002
964,Wilow,McGaugey,wmcgaugeyqr@weibo.com,Non-binary,49.241.159.159,Lincoln,Continental Mark VII,1987
965,Jasun,Espinoy,jespinoyqs@uiuc.edu,Polygender,239.220.216.222,GMC,Savana 3500,2007
966,Lane,Fanthome,lfanthomeqt@hud.gov,Genderfluid,199.96.73.235,Mazda,Millenia,1999
967,Linnea,Kaubisch,lkaubischqu@businesswire.com,Bigender,126.8.13.250,Lexus,LX,2007
968,Irwin,Cammocke,icammockeqv@mozilla.org,Agender,133.213.11.196,Acura,TL,2000
969,Averil,Nagle,anagleqw@dell.com,Genderfluid,123.22.58.208,Ford,LTD Crown Victoria,1987
970,Isobel,Schukraft,ischukraftqx@blogtalkradio.com,Genderqueer,188.79.166.119,Chevrolet,1500,1995
971,Alana,Kinney,akinneyqy@purevolume.com,Agender,94.224.108.165,Rolls-Royce,Phantom,2012
972,Esmeralda,Fuzzens,efuzzensqz@hao123.com,Female,89.203.33.109,Mazda,Miata MX-5,2007
973,Addi,Letrange,aletranger0@thetimes.co.uk,Bigender,82.228.0.102,Jaguar,XK,2011
974,Georgiana,Beswick,gbeswickr1@delicious.com,Male,163.150.107.130,Volkswagen,GTI,1997
975,Aubrie,Guymer,aguymerr2@globo.com,Female,157.111.127.77,Scion,tC,2007
976,Tonie,Fain,tfainr3@jiathis.com,Female,217.12.50.142,Buick,LeSabre,1987
977,Ford,Nelsen,fnelsenr4@behance.net,Female,149.178.44.44,Dodge,Avenger,2008
978,Sarene,Frankland,sfranklandr5@time.com,Non-binary,218.67.100.210,Chevrolet,S10 Blazer,1993
979,Emlyn,Denham,edenhamr6@amazon.co.uk,Agender,174.89.146.151,Nissan,Frontier,1999
980,Rhianon,Selvey,rselveyr7@istockphoto.com,Bigender,168.91.52.146,Cadillac,Escalade ESV,2004
981,Blythe,Dalton,bdaltonr8@123-reg.co.uk,Genderqueer,58.5.76.149,Buick,Rendezvous,2002
982,Merwin,Deplacido,mdeplacidor9@state.tx.us,Non-binary,37.160.118.130,Chevrolet,HHR,2007
983,Marji,Roeby,mroebyra@samsung.com,Bigender,99.162.113.74,Ford,Club Wagon,1993
984,Madeline,Matignon,mmatignonrb@pcworld.com,Bigender,196.162.73.242,Subaru,Legacy,2002
985,Carrol,Barrington,cbarringtonrc@tripod.com,Polygender,174.34.98.196,Isuzu,Amigo,1998
986,Diena,Pavlasek,dpavlasekrd@tuttocitta.it,Bigender,38.46.78.232,Mercedes-Benz,W201,1986
987,Sheppard,Dudgeon,sdudgeonre@cbc.ca,Male,92.131.233.178,Buick,Reatta,1991
988,Mariann,Austen,maustenrf@smh.com.au,Non-binary,90.47.89.170,Infiniti,I,2002
989,Ham,MacLise,hmacliserg@ehow.com,Agender,135.223.249.34,Pontiac,6000,1988
990,Ginny,Schohier,gschohierrh@scientificamerican.com,Non-binary,206.105.142.175,Lexus,IS,2003
991,Mariquilla,Strank,mstrankri@auda.org.au,Bigender,15.151.188.171,Toyota,Sienna,2011
992,Ollie,Bunclark,obunclarkrj@liveinternet.ru,Genderqueer,214.52.29.178,Infiniti,QX56,2011
993,Hillery,Romao,hromaork@cdbaby.com,Polygender,97.34.163.239,Ford,Bronco II,1986
994,Brit,Beaushaw,bbeaushawrl@skype.com,Bigender,183.87.226.8,Volkswagen,Touareg,2009
995,Aurora,Bolf,abolfrm@noaa.gov,Female,134.37.83.152,Isuzu,Trooper,2001
996,Inga,Kment,ikmentrn@addthis.com,Genderqueer,88.251.69.123,Infiniti,QX56,2009
997,Anastasie,Schohier,aschohierro@t-online.de,Non-binary,243.124.91.199,Nissan,Quest,1993
998,Sigmund,Pafford,spaffordrp@domainmarket.com,Agender,109.139.141.130,Chevrolet,Express 3500,2006
999,Aguste,Le Fevre,alefevrerq@intel.com,Non-binary,90.83.136.89,Ford,E-Series,1992
1000,Chaunce,Sharvill,csharvillrr@berkeley.edu,Bigender,118.4.237.245,Pontiac,Grand Prix,1968
